--
-- PostgreSQL database dump
--

-- Dumped from database version 17.5
-- Dumped by pg_dump version 17.5

-- Started on 2025-10-24 12:13:35

SET statement_timeout = 0;
SET lock_timeout = 0;
SET idle_in_transaction_session_timeout = 0;
SET transaction_timeout = 0;
SET client_encoding = 'UTF8';
SET standard_conforming_strings = on;
SELECT pg_catalog.set_config('search_path', '', false);
SET check_function_bodies = false;
SET xmloption = content;
SET client_min_messages = warning;
SET row_security = off;

SET default_tablespace = '';

SET default_table_access_method = heap;

--
-- TOC entry 224 (class 1259 OID 20008)
-- Name: auth_group; Type: TABLE; Schema: public; Owner: postgres
--

CREATE TABLE public.auth_group (
    id integer NOT NULL,
    name character varying(150) NOT NULL
);


ALTER TABLE public.auth_group OWNER TO postgres;

--
-- TOC entry 223 (class 1259 OID 20007)
-- Name: auth_group_id_seq; Type: SEQUENCE; Schema: public; Owner: postgres
--

ALTER TABLE public.auth_group ALTER COLUMN id ADD GENERATED BY DEFAULT AS IDENTITY (
    SEQUENCE NAME public.auth_group_id_seq
    START WITH 1
    INCREMENT BY 1
    NO MINVALUE
    NO MAXVALUE
    CACHE 1
);


--
-- TOC entry 226 (class 1259 OID 20016)
-- Name: auth_group_permissions; Type: TABLE; Schema: public; Owner: postgres
--

CREATE TABLE public.auth_group_permissions (
    id bigint NOT NULL,
    group_id integer NOT NULL,
    permission_id integer NOT NULL
);


ALTER TABLE public.auth_group_permissions OWNER TO postgres;

--
-- TOC entry 225 (class 1259 OID 20015)
-- Name: auth_group_permissions_id_seq; Type: SEQUENCE; Schema: public; Owner: postgres
--

ALTER TABLE public.auth_group_permissions ALTER COLUMN id ADD GENERATED BY DEFAULT AS IDENTITY (
    SEQUENCE NAME public.auth_group_permissions_id_seq
    START WITH 1
    INCREMENT BY 1
    NO MINVALUE
    NO MAXVALUE
    CACHE 1
);


--
-- TOC entry 222 (class 1259 OID 20002)
-- Name: auth_permission; Type: TABLE; Schema: public; Owner: postgres
--

CREATE TABLE public.auth_permission (
    id integer NOT NULL,
    name character varying(255) NOT NULL,
    content_type_id integer NOT NULL,
    codename character varying(100) NOT NULL
);


ALTER TABLE public.auth_permission OWNER TO postgres;

--
-- TOC entry 221 (class 1259 OID 20001)
-- Name: auth_permission_id_seq; Type: SEQUENCE; Schema: public; Owner: postgres
--

ALTER TABLE public.auth_permission ALTER COLUMN id ADD GENERATED BY DEFAULT AS IDENTITY (
    SEQUENCE NAME public.auth_permission_id_seq
    START WITH 1
    INCREMENT BY 1
    NO MINVALUE
    NO MAXVALUE
    CACHE 1
);


--
-- TOC entry 228 (class 1259 OID 20022)
-- Name: auth_user; Type: TABLE; Schema: public; Owner: postgres
--

CREATE TABLE public.auth_user (
    id integer NOT NULL,
    password character varying(128) NOT NULL,
    last_login timestamp with time zone,
    is_superuser boolean NOT NULL,
    username character varying(150) NOT NULL,
    first_name character varying(150) NOT NULL,
    last_name character varying(150) NOT NULL,
    email character varying(254) NOT NULL,
    is_staff boolean NOT NULL,
    is_active boolean NOT NULL,
    date_joined timestamp with time zone NOT NULL
);


ALTER TABLE public.auth_user OWNER TO postgres;

--
-- TOC entry 230 (class 1259 OID 20030)
-- Name: auth_user_groups; Type: TABLE; Schema: public; Owner: postgres
--

CREATE TABLE public.auth_user_groups (
    id bigint NOT NULL,
    user_id integer NOT NULL,
    group_id integer NOT NULL
);


ALTER TABLE public.auth_user_groups OWNER TO postgres;

--
-- TOC entry 229 (class 1259 OID 20029)
-- Name: auth_user_groups_id_seq; Type: SEQUENCE; Schema: public; Owner: postgres
--

ALTER TABLE public.auth_user_groups ALTER COLUMN id ADD GENERATED BY DEFAULT AS IDENTITY (
    SEQUENCE NAME public.auth_user_groups_id_seq
    START WITH 1
    INCREMENT BY 1
    NO MINVALUE
    NO MAXVALUE
    CACHE 1
);


--
-- TOC entry 227 (class 1259 OID 20021)
-- Name: auth_user_id_seq; Type: SEQUENCE; Schema: public; Owner: postgres
--

ALTER TABLE public.auth_user ALTER COLUMN id ADD GENERATED BY DEFAULT AS IDENTITY (
    SEQUENCE NAME public.auth_user_id_seq
    START WITH 1
    INCREMENT BY 1
    NO MINVALUE
    NO MAXVALUE
    CACHE 1
);


--
-- TOC entry 232 (class 1259 OID 20036)
-- Name: auth_user_user_permissions; Type: TABLE; Schema: public; Owner: postgres
--

CREATE TABLE public.auth_user_user_permissions (
    id bigint NOT NULL,
    user_id integer NOT NULL,
    permission_id integer NOT NULL
);


ALTER TABLE public.auth_user_user_permissions OWNER TO postgres;

--
-- TOC entry 231 (class 1259 OID 20035)
-- Name: auth_user_user_permissions_id_seq; Type: SEQUENCE; Schema: public; Owner: postgres
--

ALTER TABLE public.auth_user_user_permissions ALTER COLUMN id ADD GENERATED BY DEFAULT AS IDENTITY (
    SEQUENCE NAME public.auth_user_user_permissions_id_seq
    START WITH 1
    INCREMENT BY 1
    NO MINVALUE
    NO MAXVALUE
    CACHE 1
);


--
-- TOC entry 234 (class 1259 OID 20094)
-- Name: django_admin_log; Type: TABLE; Schema: public; Owner: postgres
--

CREATE TABLE public.django_admin_log (
    id integer NOT NULL,
    action_time timestamp with time zone NOT NULL,
    object_id text,
    object_repr character varying(200) NOT NULL,
    action_flag smallint NOT NULL,
    change_message text NOT NULL,
    content_type_id integer,
    user_id integer NOT NULL,
    CONSTRAINT django_admin_log_action_flag_check CHECK ((action_flag >= 0))
);


ALTER TABLE public.django_admin_log OWNER TO postgres;

--
-- TOC entry 233 (class 1259 OID 20093)
-- Name: django_admin_log_id_seq; Type: SEQUENCE; Schema: public; Owner: postgres
--

ALTER TABLE public.django_admin_log ALTER COLUMN id ADD GENERATED BY DEFAULT AS IDENTITY (
    SEQUENCE NAME public.django_admin_log_id_seq
    START WITH 1
    INCREMENT BY 1
    NO MINVALUE
    NO MAXVALUE
    CACHE 1
);


--
-- TOC entry 220 (class 1259 OID 19994)
-- Name: django_content_type; Type: TABLE; Schema: public; Owner: postgres
--

CREATE TABLE public.django_content_type (
    id integer NOT NULL,
    app_label character varying(100) NOT NULL,
    model character varying(100) NOT NULL
);


ALTER TABLE public.django_content_type OWNER TO postgres;

--
-- TOC entry 219 (class 1259 OID 19993)
-- Name: django_content_type_id_seq; Type: SEQUENCE; Schema: public; Owner: postgres
--

ALTER TABLE public.django_content_type ALTER COLUMN id ADD GENERATED BY DEFAULT AS IDENTITY (
    SEQUENCE NAME public.django_content_type_id_seq
    START WITH 1
    INCREMENT BY 1
    NO MINVALUE
    NO MAXVALUE
    CACHE 1
);


--
-- TOC entry 218 (class 1259 OID 19986)
-- Name: django_migrations; Type: TABLE; Schema: public; Owner: postgres
--

CREATE TABLE public.django_migrations (
    id bigint NOT NULL,
    app character varying(255) NOT NULL,
    name character varying(255) NOT NULL,
    applied timestamp with time zone NOT NULL
);


ALTER TABLE public.django_migrations OWNER TO postgres;

--
-- TOC entry 217 (class 1259 OID 19985)
-- Name: django_migrations_id_seq; Type: SEQUENCE; Schema: public; Owner: postgres
--

ALTER TABLE public.django_migrations ALTER COLUMN id ADD GENERATED BY DEFAULT AS IDENTITY (
    SEQUENCE NAME public.django_migrations_id_seq
    START WITH 1
    INCREMENT BY 1
    NO MINVALUE
    NO MAXVALUE
    CACHE 1
);


--
-- TOC entry 235 (class 1259 OID 20122)
-- Name: django_session; Type: TABLE; Schema: public; Owner: postgres
--

CREATE TABLE public.django_session (
    session_key character varying(40) NOT NULL,
    session_data text NOT NULL,
    expire_date timestamp with time zone NOT NULL
);


ALTER TABLE public.django_session OWNER TO postgres;

--
-- TOC entry 245 (class 1259 OID 20163)
-- Name: shop_address; Type: TABLE; Schema: public; Owner: postgres
--

CREATE TABLE public.shop_address (
    id bigint NOT NULL,
    full_name character varying(200) NOT NULL,
    phone character varying(10) NOT NULL,
    address text NOT NULL,
    district character varying(50) NOT NULL,
    sub_district character varying(50) NOT NULL,
    province character varying(50) NOT NULL,
    postal_code character varying(5) NOT NULL,
    customer_id bigint NOT NULL
);


ALTER TABLE public.shop_address OWNER TO postgres;

--
-- TOC entry 244 (class 1259 OID 20162)
-- Name: shop_address_id_seq; Type: SEQUENCE; Schema: public; Owner: postgres
--

ALTER TABLE public.shop_address ALTER COLUMN id ADD GENERATED BY DEFAULT AS IDENTITY (
    SEQUENCE NAME public.shop_address_id_seq
    START WITH 1
    INCREMENT BY 1
    NO MINVALUE
    NO MAXVALUE
    CACHE 1
);


--
-- TOC entry 237 (class 1259 OID 20132)
-- Name: shop_brand; Type: TABLE; Schema: public; Owner: postgres
--

CREATE TABLE public.shop_brand (
    id bigint NOT NULL,
    name character varying(100) NOT NULL,
    description text
);


ALTER TABLE public.shop_brand OWNER TO postgres;

--
-- TOC entry 236 (class 1259 OID 20131)
-- Name: shop_brand_id_seq; Type: SEQUENCE; Schema: public; Owner: postgres
--

ALTER TABLE public.shop_brand ALTER COLUMN id ADD GENERATED BY DEFAULT AS IDENTITY (
    SEQUENCE NAME public.shop_brand_id_seq
    START WITH 1
    INCREMENT BY 1
    NO MINVALUE
    NO MAXVALUE
    CACHE 1
);


--
-- TOC entry 257 (class 1259 OID 20217)
-- Name: shop_cartitem; Type: TABLE; Schema: public; Owner: postgres
--

CREATE TABLE public.shop_cartitem (
    id bigint NOT NULL,
    quantity integer NOT NULL,
    customer_id bigint NOT NULL,
    product_id bigint NOT NULL,
    CONSTRAINT shop_cartitem_quantity_check CHECK ((quantity >= 0))
);


ALTER TABLE public.shop_cartitem OWNER TO postgres;

--
-- TOC entry 256 (class 1259 OID 20216)
-- Name: shop_cartitem_id_seq; Type: SEQUENCE; Schema: public; Owner: postgres
--

ALTER TABLE public.shop_cartitem ALTER COLUMN id ADD GENERATED BY DEFAULT AS IDENTITY (
    SEQUENCE NAME public.shop_cartitem_id_seq
    START WITH 1
    INCREMENT BY 1
    NO MINVALUE
    NO MAXVALUE
    CACHE 1
);


--
-- TOC entry 239 (class 1259 OID 20140)
-- Name: shop_category; Type: TABLE; Schema: public; Owner: postgres
--

CREATE TABLE public.shop_category (
    id bigint NOT NULL,
    name character varying(100) NOT NULL,
    description text
);


ALTER TABLE public.shop_category OWNER TO postgres;

--
-- TOC entry 238 (class 1259 OID 20139)
-- Name: shop_category_id_seq; Type: SEQUENCE; Schema: public; Owner: postgres
--

ALTER TABLE public.shop_category ALTER COLUMN id ADD GENERATED BY DEFAULT AS IDENTITY (
    SEQUENCE NAME public.shop_category_id_seq
    START WITH 1
    INCREMENT BY 1
    NO MINVALUE
    NO MAXVALUE
    CACHE 1
);


--
-- TOC entry 243 (class 1259 OID 20155)
-- Name: shop_customer; Type: TABLE; Schema: public; Owner: postgres
--

CREATE TABLE public.shop_customer (
    id bigint NOT NULL,
    phone character varying(20),
    image character varying(100),
    user_id integer NOT NULL
);


ALTER TABLE public.shop_customer OWNER TO postgres;

--
-- TOC entry 242 (class 1259 OID 20154)
-- Name: shop_customer_id_seq; Type: SEQUENCE; Schema: public; Owner: postgres
--

ALTER TABLE public.shop_customer ALTER COLUMN id ADD GENERATED BY DEFAULT AS IDENTITY (
    SEQUENCE NAME public.shop_customer_id_seq
    START WITH 1
    INCREMENT BY 1
    NO MINVALUE
    NO MAXVALUE
    CACHE 1
);


--
-- TOC entry 255 (class 1259 OID 20211)
-- Name: shop_customer_wishlist; Type: TABLE; Schema: public; Owner: postgres
--

CREATE TABLE public.shop_customer_wishlist (
    id bigint NOT NULL,
    customer_id bigint NOT NULL,
    product_id bigint NOT NULL
);


ALTER TABLE public.shop_customer_wishlist OWNER TO postgres;

--
-- TOC entry 254 (class 1259 OID 20210)
-- Name: shop_customer_wishlist_id_seq; Type: SEQUENCE; Schema: public; Owner: postgres
--

ALTER TABLE public.shop_customer_wishlist ALTER COLUMN id ADD GENERATED BY DEFAULT AS IDENTITY (
    SEQUENCE NAME public.shop_customer_wishlist_id_seq
    START WITH 1
    INCREMENT BY 1
    NO MINVALUE
    NO MAXVALUE
    CACHE 1
);


--
-- TOC entry 241 (class 1259 OID 20148)
-- Name: shop_discountcode; Type: TABLE; Schema: public; Owner: postgres
--

CREATE TABLE public.shop_discountcode (
    id bigint NOT NULL,
    code character varying(50) NOT NULL,
    code_type character varying(8) NOT NULL,
    value numeric(10,2) NOT NULL,
    start_date timestamp with time zone NOT NULL,
    end_date timestamp with time zone,
    is_active boolean NOT NULL,
    min_order_amount numeric(10,2) NOT NULL,
    max_discount_amount numeric(10,2),
    usage_count integer NOT NULL,
    CONSTRAINT shop_discountcode_usage_count_check CHECK ((usage_count >= 0))
);


ALTER TABLE public.shop_discountcode OWNER TO postgres;

--
-- TOC entry 240 (class 1259 OID 20147)
-- Name: shop_discountcode_id_seq; Type: SEQUENCE; Schema: public; Owner: postgres
--

ALTER TABLE public.shop_discountcode ALTER COLUMN id ADD GENERATED BY DEFAULT AS IDENTITY (
    SEQUENCE NAME public.shop_discountcode_id_seq
    START WITH 1
    INCREMENT BY 1
    NO MINVALUE
    NO MAXVALUE
    CACHE 1
);


--
-- TOC entry 247 (class 1259 OID 20171)
-- Name: shop_order; Type: TABLE; Schema: public; Owner: postgres
--

CREATE TABLE public.shop_order (
    id bigint NOT NULL,
    discount_amount numeric(10,2) NOT NULL,
    shipping_address text NOT NULL,
    order_date timestamp with time zone NOT NULL,
    status character varying(10) NOT NULL,
    customer_id bigint NOT NULL,
    discount_code_id bigint,
    total_price numeric(10,2) NOT NULL
);


ALTER TABLE public.shop_order OWNER TO postgres;

--
-- TOC entry 246 (class 1259 OID 20170)
-- Name: shop_order_id_seq; Type: SEQUENCE; Schema: public; Owner: postgres
--

ALTER TABLE public.shop_order ALTER COLUMN id ADD GENERATED BY DEFAULT AS IDENTITY (
    SEQUENCE NAME public.shop_order_id_seq
    START WITH 1
    INCREMENT BY 1
    NO MINVALUE
    NO MAXVALUE
    CACHE 1
);


--
-- TOC entry 253 (class 1259 OID 20200)
-- Name: shop_orderitem; Type: TABLE; Schema: public; Owner: postgres
--

CREATE TABLE public.shop_orderitem (
    id bigint NOT NULL,
    quantity integer NOT NULL,
    unit_price numeric(10,2) NOT NULL,
    discount_price numeric(10,2) NOT NULL,
    order_id bigint NOT NULL,
    product_id bigint NOT NULL,
    CONSTRAINT shop_orderitem_quantity_check CHECK ((quantity >= 0))
);


ALTER TABLE public.shop_orderitem OWNER TO postgres;

--
-- TOC entry 252 (class 1259 OID 20199)
-- Name: shop_orderitem_id_seq; Type: SEQUENCE; Schema: public; Owner: postgres
--

ALTER TABLE public.shop_orderitem ALTER COLUMN id ADD GENERATED BY DEFAULT AS IDENTITY (
    SEQUENCE NAME public.shop_orderitem_id_seq
    START WITH 1
    INCREMENT BY 1
    NO MINVALUE
    NO MAXVALUE
    CACHE 1
);


--
-- TOC entry 249 (class 1259 OID 20183)
-- Name: shop_payment; Type: TABLE; Schema: public; Owner: postgres
--

CREATE TABLE public.shop_payment (
    id bigint NOT NULL,
    payment_date timestamp with time zone NOT NULL,
    amount numeric(10,2) NOT NULL,
    slip_image character varying(100) NOT NULL,
    status character varying(10) NOT NULL,
    order_id bigint NOT NULL
);


ALTER TABLE public.shop_payment OWNER TO postgres;

--
-- TOC entry 248 (class 1259 OID 20182)
-- Name: shop_payment_id_seq; Type: SEQUENCE; Schema: public; Owner: postgres
--

ALTER TABLE public.shop_payment ALTER COLUMN id ADD GENERATED BY DEFAULT AS IDENTITY (
    SEQUENCE NAME public.shop_payment_id_seq
    START WITH 1
    INCREMENT BY 1
    NO MINVALUE
    NO MAXVALUE
    CACHE 1
);


--
-- TOC entry 251 (class 1259 OID 20191)
-- Name: shop_product; Type: TABLE; Schema: public; Owner: postgres
--

CREATE TABLE public.shop_product (
    id bigint NOT NULL,
    name character varying(100) NOT NULL,
    description text,
    price numeric(10,2) NOT NULL,
    stock integer NOT NULL,
    image character varying(100),
    discount_type character varying(8) NOT NULL,
    discount_value numeric(10,2),
    is_active boolean NOT NULL,
    brand_id bigint,
    category_id bigint,
    detail text,
    CONSTRAINT shop_product_stock_check CHECK ((stock >= 0))
);


ALTER TABLE public.shop_product OWNER TO postgres;

--
-- TOC entry 250 (class 1259 OID 20190)
-- Name: shop_product_id_seq; Type: SEQUENCE; Schema: public; Owner: postgres
--

ALTER TABLE public.shop_product ALTER COLUMN id ADD GENERATED BY DEFAULT AS IDENTITY (
    SEQUENCE NAME public.shop_product_id_seq
    START WITH 1
    INCREMENT BY 1
    NO MINVALUE
    NO MAXVALUE
    CACHE 1
);


--
-- TOC entry 5014 (class 0 OID 20008)
-- Dependencies: 224
-- Data for Name: auth_group; Type: TABLE DATA; Schema: public; Owner: postgres
--

INSERT INTO public.auth_group (id, name) VALUES (1, 'customer');
INSERT INTO public.auth_group (id, name) VALUES (2, 'admin');


--
-- TOC entry 5016 (class 0 OID 20016)
-- Dependencies: 226
-- Data for Name: auth_group_permissions; Type: TABLE DATA; Schema: public; Owner: postgres
--

INSERT INTO public.auth_group_permissions (id, group_id, permission_id) VALUES (1, 1, 64);
INSERT INTO public.auth_group_permissions (id, group_id, permission_id) VALUES (2, 1, 38);
INSERT INTO public.auth_group_permissions (id, group_id, permission_id) VALUES (3, 1, 40);
INSERT INTO public.auth_group_permissions (id, group_id, permission_id) VALUES (4, 1, 41);
INSERT INTO public.auth_group_permissions (id, group_id, permission_id) VALUES (5, 1, 42);
INSERT INTO public.auth_group_permissions (id, group_id, permission_id) VALUES (6, 1, 43);
INSERT INTO public.auth_group_permissions (id, group_id, permission_id) VALUES (7, 1, 44);
INSERT INTO public.auth_group_permissions (id, group_id, permission_id) VALUES (8, 1, 45);
INSERT INTO public.auth_group_permissions (id, group_id, permission_id) VALUES (9, 1, 48);
INSERT INTO public.auth_group_permissions (id, group_id, permission_id) VALUES (13, 1, 61);
INSERT INTO public.auth_group_permissions (id, group_id, permission_id) VALUES (16, 2, 25);
INSERT INTO public.auth_group_permissions (id, group_id, permission_id) VALUES (17, 2, 26);
INSERT INTO public.auth_group_permissions (id, group_id, permission_id) VALUES (18, 2, 27);
INSERT INTO public.auth_group_permissions (id, group_id, permission_id) VALUES (19, 2, 28);
INSERT INTO public.auth_group_permissions (id, group_id, permission_id) VALUES (20, 2, 29);
INSERT INTO public.auth_group_permissions (id, group_id, permission_id) VALUES (21, 2, 30);
INSERT INTO public.auth_group_permissions (id, group_id, permission_id) VALUES (22, 2, 31);
INSERT INTO public.auth_group_permissions (id, group_id, permission_id) VALUES (23, 2, 32);
INSERT INTO public.auth_group_permissions (id, group_id, permission_id) VALUES (24, 2, 33);
INSERT INTO public.auth_group_permissions (id, group_id, permission_id) VALUES (25, 2, 34);
INSERT INTO public.auth_group_permissions (id, group_id, permission_id) VALUES (26, 2, 35);
INSERT INTO public.auth_group_permissions (id, group_id, permission_id) VALUES (27, 2, 36);
INSERT INTO public.auth_group_permissions (id, group_id, permission_id) VALUES (28, 2, 40);
INSERT INTO public.auth_group_permissions (id, group_id, permission_id) VALUES (29, 2, 44);
INSERT INTO public.auth_group_permissions (id, group_id, permission_id) VALUES (34, 2, 50);
INSERT INTO public.auth_group_permissions (id, group_id, permission_id) VALUES (35, 2, 52);
INSERT INTO public.auth_group_permissions (id, group_id, permission_id) VALUES (36, 2, 53);
INSERT INTO public.auth_group_permissions (id, group_id, permission_id) VALUES (37, 2, 54);
INSERT INTO public.auth_group_permissions (id, group_id, permission_id) VALUES (38, 2, 55);
INSERT INTO public.auth_group_permissions (id, group_id, permission_id) VALUES (39, 2, 56);
INSERT INTO public.auth_group_permissions (id, group_id, permission_id) VALUES (40, 2, 60);
INSERT INTO public.auth_group_permissions (id, group_id, permission_id) VALUES (41, 1, 14);
INSERT INTO public.auth_group_permissions (id, group_id, permission_id) VALUES (48, 1, 62);
INSERT INTO public.auth_group_permissions (id, group_id, permission_id) VALUES (49, 1, 63);
INSERT INTO public.auth_group_permissions (id, group_id, permission_id) VALUES (50, 1, 49);
INSERT INTO public.auth_group_permissions (id, group_id, permission_id) VALUES (51, 1, 52);
INSERT INTO public.auth_group_permissions (id, group_id, permission_id) VALUES (52, 2, 48);
INSERT INTO public.auth_group_permissions (id, group_id, permission_id) VALUES (53, 2, 45);
INSERT INTO public.auth_group_permissions (id, group_id, permission_id) VALUES (54, 2, 46);
INSERT INTO public.auth_group_permissions (id, group_id, permission_id) VALUES (55, 2, 47);


--
-- TOC entry 5012 (class 0 OID 20002)
-- Dependencies: 222
-- Data for Name: auth_permission; Type: TABLE DATA; Schema: public; Owner: postgres
--

INSERT INTO public.auth_permission (id, name, content_type_id, codename) VALUES (1, 'Can add log entry', 1, 'add_logentry');
INSERT INTO public.auth_permission (id, name, content_type_id, codename) VALUES (2, 'Can change log entry', 1, 'change_logentry');
INSERT INTO public.auth_permission (id, name, content_type_id, codename) VALUES (3, 'Can delete log entry', 1, 'delete_logentry');
INSERT INTO public.auth_permission (id, name, content_type_id, codename) VALUES (4, 'Can view log entry', 1, 'view_logentry');
INSERT INTO public.auth_permission (id, name, content_type_id, codename) VALUES (5, 'Can add permission', 2, 'add_permission');
INSERT INTO public.auth_permission (id, name, content_type_id, codename) VALUES (6, 'Can change permission', 2, 'change_permission');
INSERT INTO public.auth_permission (id, name, content_type_id, codename) VALUES (7, 'Can delete permission', 2, 'delete_permission');
INSERT INTO public.auth_permission (id, name, content_type_id, codename) VALUES (8, 'Can view permission', 2, 'view_permission');
INSERT INTO public.auth_permission (id, name, content_type_id, codename) VALUES (9, 'Can add group', 3, 'add_group');
INSERT INTO public.auth_permission (id, name, content_type_id, codename) VALUES (10, 'Can change group', 3, 'change_group');
INSERT INTO public.auth_permission (id, name, content_type_id, codename) VALUES (11, 'Can delete group', 3, 'delete_group');
INSERT INTO public.auth_permission (id, name, content_type_id, codename) VALUES (12, 'Can view group', 3, 'view_group');
INSERT INTO public.auth_permission (id, name, content_type_id, codename) VALUES (13, 'Can add user', 4, 'add_user');
INSERT INTO public.auth_permission (id, name, content_type_id, codename) VALUES (14, 'Can change user', 4, 'change_user');
INSERT INTO public.auth_permission (id, name, content_type_id, codename) VALUES (15, 'Can delete user', 4, 'delete_user');
INSERT INTO public.auth_permission (id, name, content_type_id, codename) VALUES (16, 'Can view user', 4, 'view_user');
INSERT INTO public.auth_permission (id, name, content_type_id, codename) VALUES (17, 'Can add content type', 5, 'add_contenttype');
INSERT INTO public.auth_permission (id, name, content_type_id, codename) VALUES (18, 'Can change content type', 5, 'change_contenttype');
INSERT INTO public.auth_permission (id, name, content_type_id, codename) VALUES (19, 'Can delete content type', 5, 'delete_contenttype');
INSERT INTO public.auth_permission (id, name, content_type_id, codename) VALUES (20, 'Can view content type', 5, 'view_contenttype');
INSERT INTO public.auth_permission (id, name, content_type_id, codename) VALUES (21, 'Can add session', 6, 'add_session');
INSERT INTO public.auth_permission (id, name, content_type_id, codename) VALUES (22, 'Can change session', 6, 'change_session');
INSERT INTO public.auth_permission (id, name, content_type_id, codename) VALUES (23, 'Can delete session', 6, 'delete_session');
INSERT INTO public.auth_permission (id, name, content_type_id, codename) VALUES (24, 'Can view session', 6, 'view_session');
INSERT INTO public.auth_permission (id, name, content_type_id, codename) VALUES (25, 'Can add brand', 7, 'add_brand');
INSERT INTO public.auth_permission (id, name, content_type_id, codename) VALUES (26, 'Can change brand', 7, 'change_brand');
INSERT INTO public.auth_permission (id, name, content_type_id, codename) VALUES (27, 'Can delete brand', 7, 'delete_brand');
INSERT INTO public.auth_permission (id, name, content_type_id, codename) VALUES (28, 'Can view brand', 7, 'view_brand');
INSERT INTO public.auth_permission (id, name, content_type_id, codename) VALUES (29, 'Can add category', 8, 'add_category');
INSERT INTO public.auth_permission (id, name, content_type_id, codename) VALUES (30, 'Can change category', 8, 'change_category');
INSERT INTO public.auth_permission (id, name, content_type_id, codename) VALUES (31, 'Can delete category', 8, 'delete_category');
INSERT INTO public.auth_permission (id, name, content_type_id, codename) VALUES (32, 'Can view category', 8, 'view_category');
INSERT INTO public.auth_permission (id, name, content_type_id, codename) VALUES (33, 'Can add discount code', 9, 'add_discountcode');
INSERT INTO public.auth_permission (id, name, content_type_id, codename) VALUES (34, 'Can change discount code', 9, 'change_discountcode');
INSERT INTO public.auth_permission (id, name, content_type_id, codename) VALUES (35, 'Can delete discount code', 9, 'delete_discountcode');
INSERT INTO public.auth_permission (id, name, content_type_id, codename) VALUES (36, 'Can view discount code', 9, 'view_discountcode');
INSERT INTO public.auth_permission (id, name, content_type_id, codename) VALUES (37, 'Can add customer', 10, 'add_customer');
INSERT INTO public.auth_permission (id, name, content_type_id, codename) VALUES (38, 'Can change customer', 10, 'change_customer');
INSERT INTO public.auth_permission (id, name, content_type_id, codename) VALUES (39, 'Can delete customer', 10, 'delete_customer');
INSERT INTO public.auth_permission (id, name, content_type_id, codename) VALUES (40, 'Can view customer', 10, 'view_customer');
INSERT INTO public.auth_permission (id, name, content_type_id, codename) VALUES (41, 'Can add address', 11, 'add_address');
INSERT INTO public.auth_permission (id, name, content_type_id, codename) VALUES (42, 'Can change address', 11, 'change_address');
INSERT INTO public.auth_permission (id, name, content_type_id, codename) VALUES (43, 'Can delete address', 11, 'delete_address');
INSERT INTO public.auth_permission (id, name, content_type_id, codename) VALUES (44, 'Can view address', 11, 'view_address');
INSERT INTO public.auth_permission (id, name, content_type_id, codename) VALUES (45, 'Can add order', 12, 'add_order');
INSERT INTO public.auth_permission (id, name, content_type_id, codename) VALUES (46, 'Can change order', 12, 'change_order');
INSERT INTO public.auth_permission (id, name, content_type_id, codename) VALUES (47, 'Can delete order', 12, 'delete_order');
INSERT INTO public.auth_permission (id, name, content_type_id, codename) VALUES (48, 'Can view order', 12, 'view_order');
INSERT INTO public.auth_permission (id, name, content_type_id, codename) VALUES (49, 'Can add payment', 13, 'add_payment');
INSERT INTO public.auth_permission (id, name, content_type_id, codename) VALUES (50, 'Can change payment', 13, 'change_payment');
INSERT INTO public.auth_permission (id, name, content_type_id, codename) VALUES (51, 'Can delete payment', 13, 'delete_payment');
INSERT INTO public.auth_permission (id, name, content_type_id, codename) VALUES (52, 'Can view payment', 13, 'view_payment');
INSERT INTO public.auth_permission (id, name, content_type_id, codename) VALUES (53, 'Can add product', 14, 'add_product');
INSERT INTO public.auth_permission (id, name, content_type_id, codename) VALUES (54, 'Can change product', 14, 'change_product');
INSERT INTO public.auth_permission (id, name, content_type_id, codename) VALUES (55, 'Can delete product', 14, 'delete_product');
INSERT INTO public.auth_permission (id, name, content_type_id, codename) VALUES (56, 'Can view product', 14, 'view_product');
INSERT INTO public.auth_permission (id, name, content_type_id, codename) VALUES (57, 'Can add order item', 15, 'add_orderitem');
INSERT INTO public.auth_permission (id, name, content_type_id, codename) VALUES (58, 'Can change order item', 15, 'change_orderitem');
INSERT INTO public.auth_permission (id, name, content_type_id, codename) VALUES (59, 'Can delete order item', 15, 'delete_orderitem');
INSERT INTO public.auth_permission (id, name, content_type_id, codename) VALUES (60, 'Can view order item', 15, 'view_orderitem');
INSERT INTO public.auth_permission (id, name, content_type_id, codename) VALUES (61, 'Can add cart item', 16, 'add_cartitem');
INSERT INTO public.auth_permission (id, name, content_type_id, codename) VALUES (62, 'Can change cart item', 16, 'change_cartitem');
INSERT INTO public.auth_permission (id, name, content_type_id, codename) VALUES (63, 'Can delete cart item', 16, 'delete_cartitem');
INSERT INTO public.auth_permission (id, name, content_type_id, codename) VALUES (64, 'Can view cart item', 16, 'view_cartitem');


--
-- TOC entry 5018 (class 0 OID 20022)
-- Dependencies: 228
-- Data for Name: auth_user; Type: TABLE DATA; Schema: public; Owner: postgres
--

INSERT INTO public.auth_user (id, password, last_login, is_superuser, username, first_name, last_name, email, is_staff, is_active, date_joined) VALUES (4, 'pbkdf2_sha256$1000000$9R4F8SXKWsMqRCAaiJ3Brq$sCOANgVr9HTkiXYolzbcPjOp3xU1A+MGTm4JqyBKc2U=', '2025-10-14 22:33:06.255056+07', false, 'test', 'test', 'test', 'test@gamil.com', false, true, '2025-10-14 22:33:04.887271+07');
INSERT INTO public.auth_user (id, password, last_login, is_superuser, username, first_name, last_name, email, is_staff, is_active, date_joined) VALUES (2, 'pbkdf2_sha256$1000000$MXT9SHs7Oal1kvDGbT3P2F$O0hckebjMuTtfF+6/lEzgEnjDwVVXeeAhwEifnQR2UM=', '2025-10-15 01:45:42.125335+07', false, 'bob', 'Bob', 'Tan', 'bob@example.com', false, true, '2025-10-14 22:30:40.40209+07');
INSERT INTO public.auth_user (id, password, last_login, is_superuser, username, first_name, last_name, email, is_staff, is_active, date_joined) VALUES (3, 'pbkdf2_sha256$1000000$MXT9SHs7Oal1kvDGbT3P2F$O0hckebjMuTtfF+6/lEzgEnjDwVVXeeAhwEifnQR2UM=', '2025-10-15 01:46:37.957233+07', false, 'charlie', 'Charlie', 'Ng', 'charlie@example.com', false, true, '2025-10-14 22:30:40.40209+07');
INSERT INTO public.auth_user (id, password, last_login, is_superuser, username, first_name, last_name, email, is_staff, is_active, date_joined) VALUES (7, 'pbkdf2_sha256$1000000$NeSLU6bhaWRxEONbbaE4jA$a08tRzqXnJfxVyixONiVj6hcrTyye4No8eiagKGote0=', NULL, false, 'admin2', '', '', '', false, true, '2025-10-14 22:53:14+07');
INSERT INTO public.auth_user (id, password, last_login, is_superuser, username, first_name, last_name, email, is_staff, is_active, date_joined) VALUES (1, 'pbkdf2_sha256$1000000$MXT9SHs7Oal1kvDGbT3P2F$O0hckebjMuTtfF+6/lEzgEnjDwVVXeeAhwEifnQR2UM=', '2025-10-15 01:45:12.500724+07', false, 'alice', 'Alice', 'Wong', 'alice@example.com', false, true, '2025-10-14 22:30:40.40209+07');
INSERT INTO public.auth_user (id, password, last_login, is_superuser, username, first_name, last_name, email, is_staff, is_active, date_joined) VALUES (8, 'pbkdf2_sha256$1000000$ZXJEdz9YraPqYU05mtNljH$OWW8DLQOLWhvEeRvTjbWCKs7QwpaJE8VBytRIw7OLms=', '2025-10-15 10:56:16.724227+07', false, 'somchai', 'somchai', 'somsom', 'somchai@mail.com', false, true, '2025-10-15 00:40:59.286206+07');
INSERT INTO public.auth_user (id, password, last_login, is_superuser, username, first_name, last_name, email, is_staff, is_active, date_joined) VALUES (5, 'pbkdf2_sha256$1000000$FrI1GYtxvkNsM15FE5tA3r$7wRkedKS1qXM8kT+RfETy4dAixds5oYB4QQ+yuS9piU=', '2025-10-15 10:56:52.812723+07', true, 'superadmin', '', '', 'admin@mail.com', true, true, '2025-10-14 22:35:39.785011+07');
INSERT INTO public.auth_user (id, password, last_login, is_superuser, username, first_name, last_name, email, is_staff, is_active, date_joined) VALUES (9, 'pbkdf2_sha256$1000000$IOvF80746PVNBpaz0mA1k2$UYhPXecatsBC5zDkSTeoFVN3T2FJh9JkKyuKNX3O2/8=', '2025-10-15 11:14:03.616682+07', false, 'testt', 'test', 'test', 'test@gmail.com', false, true, '2025-10-15 11:12:57.989815+07');
INSERT INTO public.auth_user (id, password, last_login, is_superuser, username, first_name, last_name, email, is_staff, is_active, date_joined) VALUES (10, 'pbkdf2_sha256$1000000$fjhTh69MAt8ytleN9oWOJm$l3bAfx1zdR8/zOa0S0wunE62s2tusfNx3+uIh3wEang=', '2025-10-18 20:53:05.329814+07', false, 'cus111', 'cus111', 'cus111', 'cus111@mali.com', false, true, '2025-10-18 20:53:03.530813+07');
INSERT INTO public.auth_user (id, password, last_login, is_superuser, username, first_name, last_name, email, is_staff, is_active, date_joined) VALUES (6, 'pbkdf2_sha256$1000000$XKlloxYr2GCM1EZmYexBuS$1LCo8Ed37uSfyZ/2O1CJJmLIrteaMAo6fwokcsy0760=', '2025-10-24 11:06:27.33028+07', false, 'admin1', '', '', '', false, true, '2025-10-14 22:52:46+07');


--
-- TOC entry 5020 (class 0 OID 20030)
-- Dependencies: 230
-- Data for Name: auth_user_groups; Type: TABLE DATA; Schema: public; Owner: postgres
--

INSERT INTO public.auth_user_groups (id, user_id, group_id) VALUES (1, 1, 1);
INSERT INTO public.auth_user_groups (id, user_id, group_id) VALUES (2, 2, 1);
INSERT INTO public.auth_user_groups (id, user_id, group_id) VALUES (3, 3, 1);
INSERT INTO public.auth_user_groups (id, user_id, group_id) VALUES (7, 4, 1);
INSERT INTO public.auth_user_groups (id, user_id, group_id) VALUES (8, 6, 2);
INSERT INTO public.auth_user_groups (id, user_id, group_id) VALUES (9, 7, 2);
INSERT INTO public.auth_user_groups (id, user_id, group_id) VALUES (10, 8, 1);
INSERT INTO public.auth_user_groups (id, user_id, group_id) VALUES (11, 9, 1);
INSERT INTO public.auth_user_groups (id, user_id, group_id) VALUES (12, 10, 1);


--
-- TOC entry 5022 (class 0 OID 20036)
-- Dependencies: 232
-- Data for Name: auth_user_user_permissions; Type: TABLE DATA; Schema: public; Owner: postgres
--



--
-- TOC entry 5024 (class 0 OID 20094)
-- Dependencies: 234
-- Data for Name: django_admin_log; Type: TABLE DATA; Schema: public; Owner: postgres
--

INSERT INTO public.django_admin_log (id, action_time, object_id, object_repr, action_flag, change_message, content_type_id, user_id) VALUES (1, '2025-10-14 22:36:49.633674+07', '1', 'customer', 2, '[{"changed": {"fields": ["Permissions"]}}]', 3, 5);
INSERT INTO public.django_admin_log (id, action_time, object_id, object_repr, action_flag, change_message, content_type_id, user_id) VALUES (2, '2025-10-14 22:52:47.139299+07', '6', 'admin1', 1, '[{"added": {}}]', 4, 5);
INSERT INTO public.django_admin_log (id, action_time, object_id, object_repr, action_flag, change_message, content_type_id, user_id) VALUES (3, '2025-10-14 22:53:03.197444+07', '6', 'admin1', 2, '[{"changed": {"fields": ["Groups"]}}]', 4, 5);
INSERT INTO public.django_admin_log (id, action_time, object_id, object_repr, action_flag, change_message, content_type_id, user_id) VALUES (4, '2025-10-14 22:53:15.822147+07', '7', 'admin2', 1, '[{"added": {}}]', 4, 5);
INSERT INTO public.django_admin_log (id, action_time, object_id, object_repr, action_flag, change_message, content_type_id, user_id) VALUES (5, '2025-10-14 22:53:23.887134+07', '7', 'admin2', 2, '[{"changed": {"fields": ["Groups"]}}]', 4, 5);
INSERT INTO public.django_admin_log (id, action_time, object_id, object_repr, action_flag, change_message, content_type_id, user_id) VALUES (6, '2025-10-14 23:01:00.006631+07', '2', 'admin', 2, '[{"changed": {"fields": ["Permissions"]}}]', 3, 5);
INSERT INTO public.django_admin_log (id, action_time, object_id, object_repr, action_flag, change_message, content_type_id, user_id) VALUES (7, '2025-10-14 23:06:12.016338+07', '1', 'customer', 2, '[{"changed": {"fields": ["Permissions"]}}]', 3, 5);
INSERT INTO public.django_admin_log (id, action_time, object_id, object_repr, action_flag, change_message, content_type_id, user_id) VALUES (8, '2025-10-15 00:48:51.25364+07', '1', 'customer', 2, '[{"changed": {"fields": ["Permissions"]}}]', 3, 5);
INSERT INTO public.django_admin_log (id, action_time, object_id, object_repr, action_flag, change_message, content_type_id, user_id) VALUES (9, '2025-10-15 00:49:42.466725+07', '1', 'customer', 2, '[]', 3, 5);
INSERT INTO public.django_admin_log (id, action_time, object_id, object_repr, action_flag, change_message, content_type_id, user_id) VALUES (10, '2025-10-15 10:58:17.84575+07', '1', 'customer', 2, '[{"changed": {"fields": ["Permissions"]}}]', 3, 5);
INSERT INTO public.django_admin_log (id, action_time, object_id, object_repr, action_flag, change_message, content_type_id, user_id) VALUES (11, '2025-10-15 10:59:03.379596+07', '1', 'customer', 2, '[{"changed": {"fields": ["Permissions"]}}]', 3, 5);
INSERT INTO public.django_admin_log (id, action_time, object_id, object_repr, action_flag, change_message, content_type_id, user_id) VALUES (12, '2025-10-15 11:00:46.278783+07', '1', 'customer', 2, '[]', 3, 5);
INSERT INTO public.django_admin_log (id, action_time, object_id, object_repr, action_flag, change_message, content_type_id, user_id) VALUES (13, '2025-10-15 11:02:33.67263+07', '2', 'admin', 2, '[{"changed": {"fields": ["Permissions"]}}]', 3, 5);


--
-- TOC entry 5010 (class 0 OID 19994)
-- Dependencies: 220
-- Data for Name: django_content_type; Type: TABLE DATA; Schema: public; Owner: postgres
--

INSERT INTO public.django_content_type (id, app_label, model) VALUES (1, 'admin', 'logentry');
INSERT INTO public.django_content_type (id, app_label, model) VALUES (2, 'auth', 'permission');
INSERT INTO public.django_content_type (id, app_label, model) VALUES (3, 'auth', 'group');
INSERT INTO public.django_content_type (id, app_label, model) VALUES (4, 'auth', 'user');
INSERT INTO public.django_content_type (id, app_label, model) VALUES (5, 'contenttypes', 'contenttype');
INSERT INTO public.django_content_type (id, app_label, model) VALUES (6, 'sessions', 'session');
INSERT INTO public.django_content_type (id, app_label, model) VALUES (7, 'shop', 'brand');
INSERT INTO public.django_content_type (id, app_label, model) VALUES (8, 'shop', 'category');
INSERT INTO public.django_content_type (id, app_label, model) VALUES (9, 'shop', 'discountcode');
INSERT INTO public.django_content_type (id, app_label, model) VALUES (10, 'shop', 'customer');
INSERT INTO public.django_content_type (id, app_label, model) VALUES (11, 'shop', 'address');
INSERT INTO public.django_content_type (id, app_label, model) VALUES (12, 'shop', 'order');
INSERT INTO public.django_content_type (id, app_label, model) VALUES (13, 'shop', 'payment');
INSERT INTO public.django_content_type (id, app_label, model) VALUES (14, 'shop', 'product');
INSERT INTO public.django_content_type (id, app_label, model) VALUES (15, 'shop', 'orderitem');
INSERT INTO public.django_content_type (id, app_label, model) VALUES (16, 'shop', 'cartitem');


--
-- TOC entry 5008 (class 0 OID 19986)
-- Dependencies: 218
-- Data for Name: django_migrations; Type: TABLE DATA; Schema: public; Owner: postgres
--

INSERT INTO public.django_migrations (id, app, name, applied) VALUES (1, 'contenttypes', '0001_initial', '2025-10-15 10:46:40.738714+07');
INSERT INTO public.django_migrations (id, app, name, applied) VALUES (2, 'auth', '0001_initial', '2025-10-15 10:46:40.843487+07');
INSERT INTO public.django_migrations (id, app, name, applied) VALUES (3, 'admin', '0001_initial', '2025-10-15 10:46:40.88147+07');
INSERT INTO public.django_migrations (id, app, name, applied) VALUES (4, 'admin', '0002_logentry_remove_auto_add', '2025-10-15 10:46:40.888428+07');
INSERT INTO public.django_migrations (id, app, name, applied) VALUES (5, 'admin', '0003_logentry_add_action_flag_choices', '2025-10-15 10:46:40.895086+07');
INSERT INTO public.django_migrations (id, app, name, applied) VALUES (6, 'contenttypes', '0002_remove_content_type_name', '2025-10-15 10:46:40.90871+07');
INSERT INTO public.django_migrations (id, app, name, applied) VALUES (7, 'auth', '0002_alter_permission_name_max_length', '2025-10-15 10:46:40.915919+07');
INSERT INTO public.django_migrations (id, app, name, applied) VALUES (8, 'auth', '0003_alter_user_email_max_length', '2025-10-15 10:46:40.923232+07');
INSERT INTO public.django_migrations (id, app, name, applied) VALUES (9, 'auth', '0004_alter_user_username_opts', '2025-10-15 10:46:40.92919+07');
INSERT INTO public.django_migrations (id, app, name, applied) VALUES (10, 'auth', '0005_alter_user_last_login_null', '2025-10-15 10:46:40.936224+07');
INSERT INTO public.django_migrations (id, app, name, applied) VALUES (11, 'auth', '0006_require_contenttypes_0002', '2025-10-15 10:46:40.937838+07');
INSERT INTO public.django_migrations (id, app, name, applied) VALUES (12, 'auth', '0007_alter_validators_add_error_messages', '2025-10-15 10:46:40.944785+07');
INSERT INTO public.django_migrations (id, app, name, applied) VALUES (13, 'auth', '0008_alter_user_username_max_length', '2025-10-15 10:46:40.971527+07');
INSERT INTO public.django_migrations (id, app, name, applied) VALUES (14, 'auth', '0009_alter_user_last_name_max_length', '2025-10-15 10:46:40.978496+07');
INSERT INTO public.django_migrations (id, app, name, applied) VALUES (15, 'auth', '0010_alter_group_name_max_length', '2025-10-15 10:46:40.986976+07');
INSERT INTO public.django_migrations (id, app, name, applied) VALUES (16, 'auth', '0011_update_proxy_permissions', '2025-10-15 10:46:40.993314+07');
INSERT INTO public.django_migrations (id, app, name, applied) VALUES (17, 'auth', '0012_alter_user_first_name_max_length', '2025-10-15 10:46:41.00407+07');
INSERT INTO public.django_migrations (id, app, name, applied) VALUES (18, 'sessions', '0001_initial', '2025-10-15 10:46:41.014419+07');
INSERT INTO public.django_migrations (id, app, name, applied) VALUES (19, 'shop', '0001_initial', '2025-10-15 10:46:41.176415+07');
INSERT INTO public.django_migrations (id, app, name, applied) VALUES (20, 'shop', '0002_alter_brand_name_alter_category_name_and_more', '2025-10-15 10:46:41.195453+07');
INSERT INTO public.django_migrations (id, app, name, applied) VALUES (21, 'shop', '0003_order_total_price_alter_address_phone_and_more', '2025-10-15 10:46:41.419489+07');
INSERT INTO public.django_migrations (id, app, name, applied) VALUES (22, 'shop', '0004_rename_cutomer_order_customer_and_more', '2025-10-15 10:46:41.460767+07');
INSERT INTO public.django_migrations (id, app, name, applied) VALUES (23, 'shop', '0005_rename_dicount_price_orderitem_discount_price', '2025-10-15 10:46:41.470022+07');
INSERT INTO public.django_migrations (id, app, name, applied) VALUES (24, 'shop', '0006_product_detail', '2025-10-18 21:44:33.585569+07');


--
-- TOC entry 5025 (class 0 OID 20122)
-- Dependencies: 235
-- Data for Name: django_session; Type: TABLE DATA; Schema: public; Owner: postgres
--

INSERT INTO public.django_session (session_key, session_data, expire_date) VALUES ('t72w8aq7dzf2y3k99npkd4ddltwk48mi', '.eJxVjDsOwjAQBe_iGlnJ-rOYkp4zWHZ2lwSQLcVJhbg7iZQC2jcz761iWpcxro3nOJG6KK9Ov1tOw5PLDuiRyr3qoZZlnrLeFX3Qpm-V-HU93L-DMbVxqzv2PWThszWO0EMOFoJz0rGQ9GgDCoMHYPL9YDzZDjeUMAuaIGDU5wvblTe6:1v8k3F:LfsiIAwFXjbq_epSRLQAPDudoTEgojDMQDwWUHFdFp0', '2025-10-29 01:47:13.566781+07');
INSERT INTO public.django_session (session_key, session_data, expire_date) VALUES ('8dln1pwb13q005xgynlnuwzubiy0sry9', '.eJxVjDsOwjAQBe_iGlnJ-rOYkp4zWHZ2lwSQLcVJhbg7iZQC2jcz761iWpcxro3nOJG6KK9Ov1tOw5PLDuiRyr3qoZZlnrLeFX3Qpm-V-HU93L-DMbVxqzv2PWThszWO0EMOFoJz0rGQ9GgDCoMHYPL9YDzZDjeUMAuaIGDU5wvblTe6:1vC94N:72Y70jmA-JOl52KBew4egELIlDclAJCZeDnHYC_LoHo', '2025-11-07 11:06:27.435631+07');


--
-- TOC entry 5035 (class 0 OID 20163)
-- Dependencies: 245
-- Data for Name: shop_address; Type: TABLE DATA; Schema: public; Owner: postgres
--

INSERT INTO public.shop_address (id, full_name, phone, address, district, sub_district, province, postal_code, customer_id) VALUES (1, 'Alice Wong', '0811111111', '123/4 หมู่ 5', 'เมืองเชียงใหม่', 'ช้างคลาน', 'เชียงใหม่', '50000', 1);
INSERT INTO public.shop_address (id, full_name, phone, address, district, sub_district, province, postal_code, customer_id) VALUES (2, 'Bob Tan', '0822222222', '88/9 ซอยสุขสวัสดิ์', 'ห้วยขวาง', 'บางกะปิ', 'กรุงเทพฯ', '10310', 2);
INSERT INTO public.shop_address (id, full_name, phone, address, district, sub_district, province, postal_code, customer_id) VALUES (3, 'Charlie Ng', '0833333333', '55/2 หมู่บ้านศิริวรรณ', 'บางพลี', 'เทพารักษ์', 'สมุทรปราการ', '10540', 3);
INSERT INTO public.shop_address (id, full_name, phone, address, district, sub_district, province, postal_code, customer_id) VALUES (4, 'somchai somsom', '0991112323', '123/42 หมู่บ้านาน่า หมู่8 ซอยซอส ถนนถนอม', 'เมือง', 'ดอกไม้', 'สมุครสาคร', '10233', 5);
INSERT INTO public.shop_address (id, full_name, phone, address, district, sub_district, province, postal_code, customer_id) VALUES (6, 'test tess', '0991212121', 'test test test test', 'aaaa', 'ttt', 'jjjjj', '10295', 6);
INSERT INTO public.shop_address (id, full_name, phone, address, district, sub_district, province, postal_code, customer_id) VALUES (7, 'aaaaaaa vvvvvv', '1212121211', '121212', '2212', '1212', '1212', '11111', 7);


--
-- TOC entry 5027 (class 0 OID 20132)
-- Dependencies: 237
-- Data for Name: shop_brand; Type: TABLE DATA; Schema: public; Owner: postgres
--

INSERT INTO public.shop_brand (id, name, description) VALUES (1, 'Apple', 'ผลิตภัณฑ์จาก Apple');
INSERT INTO public.shop_brand (id, name, description) VALUES (2, 'Samsung', 'ผลิตภัณฑ์จาก Samsung');
INSERT INTO public.shop_brand (id, name, description) VALUES (3, 'Asus', 'ผลิตภัณฑ์จาก Asus');
INSERT INTO public.shop_brand (id, name, description) VALUES (4, 'Lenovo', 'ผลิตภัณฑ์จาก Lenovo');
INSERT INTO public.shop_brand (id, name, description) VALUES (5, 'Sony', 'ผลิตภัณฑ์จาก Sony');
INSERT INTO public.shop_brand (id, name, description) VALUES (6, 'Xiaomi', 'อุปกรณ์ไอทีราคาคุ้มค่า');
INSERT INTO public.shop_brand (id, name, description) VALUES (7, 'Dell', 'แบรนด์โน้ตบุ๊กชั้นนำ');
INSERT INTO public.shop_brand (id, name, description) VALUES (8, 'test', 'test');


--
-- TOC entry 5047 (class 0 OID 20217)
-- Dependencies: 257
-- Data for Name: shop_cartitem; Type: TABLE DATA; Schema: public; Owner: postgres
--

INSERT INTO public.shop_cartitem (id, quantity, customer_id, product_id) VALUES (1, 2, 1, 5);
INSERT INTO public.shop_cartitem (id, quantity, customer_id, product_id) VALUES (2, 1, 2, 16);
INSERT INTO public.shop_cartitem (id, quantity, customer_id, product_id) VALUES (3, 1, 3, 10);


--
-- TOC entry 5029 (class 0 OID 20140)
-- Dependencies: 239
-- Data for Name: shop_category; Type: TABLE DATA; Schema: public; Owner: postgres
--

INSERT INTO public.shop_category (id, name, description) VALUES (1, 'Smartphone', 'มือถือและอุปกรณ์สื่อสาร');
INSERT INTO public.shop_category (id, name, description) VALUES (2, 'Laptop', 'โน้ตบุ๊กสำหรับทำงานและเล่นเกม');
INSERT INTO public.shop_category (id, name, description) VALUES (3, 'Tablet', 'แท็บเล็ตสำหรับเรียนและทำงาน');
INSERT INTO public.shop_category (id, name, description) VALUES (4, 'Accessories', 'อุปกรณ์เสริมคอมพิวเตอร์');
INSERT INTO public.shop_category (id, name, description) VALUES (5, 'Audio', 'หูฟังและลำโพง');
INSERT INTO public.shop_category (id, name, description) VALUES (7, 'test', 'test');


--
-- TOC entry 5033 (class 0 OID 20155)
-- Dependencies: 243
-- Data for Name: shop_customer; Type: TABLE DATA; Schema: public; Owner: postgres
--

INSERT INTO public.shop_customer (id, phone, image, user_id) VALUES (4, NULL, '', 4);
INSERT INTO public.shop_customer (id, phone, image, user_id) VALUES (5, '0991234121', 'customer_images/monkaHmm.png', 8);
INSERT INTO public.shop_customer (id, phone, image, user_id) VALUES (1, '0811111111', 'customer_images/AYAYA.png', 1);
INSERT INTO public.shop_customer (id, phone, image, user_id) VALUES (2, '0822222222', 'customer_images/monkas.png', 2);
INSERT INTO public.shop_customer (id, phone, image, user_id) VALUES (3, '0833333333', 'customer_images/KEKW_hesEEXg.png', 3);
INSERT INTO public.shop_customer (id, phone, image, user_id) VALUES (6, '0991119999', 'customer_images/PepeLmao.png', 9);
INSERT INTO public.shop_customer (id, phone, image, user_id) VALUES (7, NULL, '', 10);


--
-- TOC entry 5045 (class 0 OID 20211)
-- Dependencies: 255
-- Data for Name: shop_customer_wishlist; Type: TABLE DATA; Schema: public; Owner: postgres
--

INSERT INTO public.shop_customer_wishlist (id, customer_id, product_id) VALUES (1, 1, 7);
INSERT INTO public.shop_customer_wishlist (id, customer_id, product_id) VALUES (2, 5, 17);
INSERT INTO public.shop_customer_wishlist (id, customer_id, product_id) VALUES (4, 6, 19);


--
-- TOC entry 5031 (class 0 OID 20148)
-- Dependencies: 241
-- Data for Name: shop_discountcode; Type: TABLE DATA; Schema: public; Owner: postgres
--

INSERT INTO public.shop_discountcode (id, code, code_type, value, start_date, end_date, is_active, min_order_amount, max_discount_amount, usage_count) VALUES (2, 'SAVE500', 'FIXED', 500.00, '2025-10-14 22:30:40.40209+07', '2025-11-13 22:30:40.40209+07', true, 2000.00, NULL, 1);
INSERT INTO public.shop_discountcode (id, code, code_type, value, start_date, end_date, is_active, min_order_amount, max_discount_amount, usage_count) VALUES (3, 'OCTSALE', 'PERCENT', 15.00, '2025-10-14 22:30:40.40209+07', '2025-10-29 22:30:40.40209+07', true, 3000.00, 2000.00, 1);
INSERT INTO public.shop_discountcode (id, code, code_type, value, start_date, end_date, is_active, min_order_amount, max_discount_amount, usage_count) VALUES (4, 'test', 'PERCENT', 10.00, '2025-10-08 11:11:00+07', '2025-10-15 11:11:00+07', true, 0.00, 500.00, 0);
INSERT INTO public.shop_discountcode (id, code, code_type, value, start_date, end_date, is_active, min_order_amount, max_discount_amount, usage_count) VALUES (1, 'WELCOME10', 'PERCENT', 10.00, '2025-10-14 22:30:40.40209+07', '2025-11-13 22:30:40.40209+07', true, 1000.00, 1000.00, 3);


--
-- TOC entry 5037 (class 0 OID 20171)
-- Dependencies: 247
-- Data for Name: shop_order; Type: TABLE DATA; Schema: public; Owner: postgres
--

INSERT INTO public.shop_order (id, discount_amount, shipping_address, order_date, status, customer_id, discount_code_id, total_price) VALUES (3, 2085.00, '55/2 หมู่บ้านศิริวรรณ, บางพลี, สมุทรปราการ 10540', '2025-10-14 22:30:40.40209+07', 'DELIVERED', 3, 3, 13900.00);
INSERT INTO public.shop_order (id, discount_amount, shipping_address, order_date, status, customer_id, discount_code_id, total_price) VALUES (2, 500.00, '88/9 ซอยสุขสวัสดิ์, บางกะปิ, กรุงเทพฯ 10310', '2025-10-14 22:30:40.40209+07', 'PENDING', 2, 2, 78000.00);
INSERT INTO public.shop_order (id, discount_amount, shipping_address, order_date, status, customer_id, discount_code_id, total_price) VALUES (1, 4500.00, '123/4 หมู่ 5, ช้างคลาน, เมืองเชียงใหม่, เชียงใหม่ 50000', '2025-10-14 22:30:40.40209+07', 'SHIPPING', 1, 1, 45000.00);
INSERT INTO public.shop_order (id, discount_amount, shipping_address, order_date, status, customer_id, discount_code_id, total_price) VALUES (4, 150.10, 'somchai somsom (0991112323) - 123/42 หมู่บ้านาน่า หมู่8 ซอยซอส ถนนถนอม, ดอกไม้, เมือง, สมุครสาคร, 10233', '2025-10-15 01:43:05.102465+07', 'CANCELLED', 5, 1, 1501.00);
INSERT INTO public.shop_order (id, discount_amount, shipping_address, order_date, status, customer_id, discount_code_id, total_price) VALUES (5, 0.00, 'somchai somsom (0991112323) - 123/42 หมู่บ้านาน่า หมู่8 ซอยซอส ถนนถนอม, ดอกไม้, เมือง, สมุครสาคร, 10233', '2025-10-15 01:44:38.880942+07', 'PENDING', 5, NULL, 40390.00);
INSERT INTO public.shop_order (id, discount_amount, shipping_address, order_date, status, customer_id, discount_code_id, total_price) VALUES (6, 720.25, 'test tess (0991212121) - test test test test, ttt, aaaa, jjjjj, 10295', '2025-10-15 11:18:55.253753+07', 'PENDING', 6, 1, 7202.50);
INSERT INTO public.shop_order (id, discount_amount, shipping_address, order_date, status, customer_id, discount_code_id, total_price) VALUES (7, 0.00, 'aaaaaaa vvvvvv (1212121211) - 121212, 1212, 2212, 1212, 11111', '2025-10-18 20:54:48.345658+07', 'DELIVERED', 7, NULL, 33960.00);


--
-- TOC entry 5043 (class 0 OID 20200)
-- Dependencies: 253
-- Data for Name: shop_orderitem; Type: TABLE DATA; Schema: public; Owner: postgres
--

INSERT INTO public.shop_orderitem (id, quantity, unit_price, discount_price, order_id, product_id) VALUES (1, 1, 45900.00, 41310.00, 1, 1);
INSERT INTO public.shop_orderitem (id, quantity, unit_price, discount_price, order_id, product_id) VALUES (2, 2, 32900.00, 65300.00, 2, 6);
INSERT INTO public.shop_orderitem (id, quantity, unit_price, discount_price, order_id, product_id) VALUES (3, 1, 13900.00, 11815.00, 3, 12);
INSERT INTO public.shop_orderitem (id, quantity, unit_price, discount_price, order_id, product_id) VALUES (4, 2, 790.00, 39.50, 4, 19);
INSERT INTO public.shop_orderitem (id, quantity, unit_price, discount_price, order_id, product_id) VALUES (5, 1, 32900.00, 1000.00, 5, 6);
INSERT INTO public.shop_orderitem (id, quantity, unit_price, discount_price, order_id, product_id) VALUES (6, 1, 8990.00, 500.00, 5, 17);
INSERT INTO public.shop_orderitem (id, quantity, unit_price, discount_price, order_id, product_id) VALUES (7, 5, 790.00, 39.50, 6, 19);
INSERT INTO public.shop_orderitem (id, quantity, unit_price, discount_price, order_id, product_id) VALUES (8, 5, 690.00, 0.00, 6, 20);
INSERT INTO public.shop_orderitem (id, quantity, unit_price, discount_price, order_id, product_id) VALUES (9, 4, 8990.00, 500.00, 7, 17);


--
-- TOC entry 5039 (class 0 OID 20183)
-- Dependencies: 249
-- Data for Name: shop_payment; Type: TABLE DATA; Schema: public; Owner: postgres
--

INSERT INTO public.shop_payment (id, payment_date, amount, slip_image, status, order_id) VALUES (1, '2025-10-14 22:30:40.40209+07', 41310.00, 'slip_images/1107056.jpg', 'VERIFIED', 1);
INSERT INTO public.shop_payment (id, payment_date, amount, slip_image, status, order_id) VALUES (2, '2025-10-14 22:30:40.40209+07', 65300.00, 'slip_images/1107056.jpg', 'PENDING', 2);
INSERT INTO public.shop_payment (id, payment_date, amount, slip_image, status, order_id) VALUES (3, '2025-10-14 22:30:40.40209+07', 11815.00, 'slip_images/1107056.jpg', 'VERIFIED', 3);
INSERT INTO public.shop_payment (id, payment_date, amount, slip_image, status, order_id) VALUES (4, '2025-10-15 01:43:00+07', 1350.90, 'slip_images/ba154685-db18-4ac7-b318-a4a2b15b9d4c_LqgIMDz.jpg', 'REJECTED', 4);
INSERT INTO public.shop_payment (id, payment_date, amount, slip_image, status, order_id) VALUES (5, '2025-10-15 11:19:00+07', 6482.25, 'slip_images/PepeLaugh.png', 'VERIFIED', 6);
INSERT INTO public.shop_payment (id, payment_date, amount, slip_image, status, order_id) VALUES (6, '2025-10-18 20:55:00+07', 1.00, 'slip_images/AA1BKdCW_ZFy7HJq.jfif', 'VERIFIED', 7);


--
-- TOC entry 5041 (class 0 OID 20191)
-- Dependencies: 251
-- Data for Name: shop_product; Type: TABLE DATA; Schema: public; Owner: postgres
--

INSERT INTO public.shop_product (id, name, description, price, stock, image, discount_type, discount_value, is_active, brand_id, category_id, detail) VALUES (5, 'Redmi Note 13 Pro', 'สมาร์ตโฟนสุดคุ้ม สเปกจัดเต็ม มาพร้อมกล้องความละเอียด 200MP ถ่ายชัดทุกช็อต หน้าจอ AMOLED ขนาดใหญ่ 6.67" รีเฟรชเรต 120Hz แสดงผลลื่นไหล ชิป Snapdragon ประสิทธิภาพสูง ใช้งานได้ลื่นทั้งวัน แบตใหญ่ 5,000mAh รองรับชาร์จไว 67W ตอบโจทย์ทั้งการทำงานและความบันเทิง', 12900.00, 50, 'product_images/Redmi-Note-13-Pro-White.jpg', 'NONE', 0.00, true, 6, 1, '<ul>
	<li><strong>ชื่อสินค้า:</strong> Redmi Note 13 Pro</li>
	<li><strong>คำอธิบายสั้น:</strong> สมาร์ทโฟนระดับกลางสุดคุ้มจาก Xiaomi มาพร้อมกล้องหลัก 200 MP ชิป Snapdragon 7s Gen 2 และหน้าจอ AMOLED 6.67 นิ้ว 120Hz</li>
	<li><strong>คุณสมบัติหลัก:</strong>
	<ul>
		<li>กรอบเครื่องทำจากอลูมิเนียม สี Forest Green</li>
		<li>หน้าจอ AMOLED 6.67 นิ้ว ความละเอียด 2712&times;1220 รีเฟรชเรต 120Hz</li>
		<li>ชิป Snapdragon 7s Gen 2</li>
		<li>กล้องหลัก 200 MP พร้อมระบบกันสั่น OIS</li>
		<li>กล้องหน้า 16 MP</li>
		<li>แบตเตอรี่ 5100 mAh รองรับชาร์จเร็ว 67 W</li>
		<li>ลำโพงสเตอริโอคู่ รองรับ Dolby Atmos</li>
	</ul>
	</li>
	<li><strong>สเป็ค (ย่อ):</strong>
	<ul>
		<li>ขนาด: 161.2 &times; 74.3 &times; 8.0 มม.</li>
		<li>น้ำหนัก: 187 กรัม</li>
		<li>สี: White</li>
		<li>หน่วยความจำ: RAM 8 GB / ROM 256 GB</li>
		<li>ระบบปฏิบัติการ: Android 13 พร้อม MIUI 14</li>
		<li>มาตรฐานกันน้ำกันฝุ่น: IP54</li>
		<li>การเชื่อมต่อ: 5G, Wi-Fi 6, Bluetooth 5.2, USB-C</li>
	</ul>
	</li>
	<li><strong>สิ่งที่อยู่ในกล่อง:</strong>
	<ul>
		<li>Redmi Note 13 Pro หนึ่งเครื่อง</li>
		<li>อะแดปเตอร์ชาร์จ 67 W</li>
		<li>สาย USB-C</li>
		<li>เคสซิลิโคนใส</li>
		<li>เข็มจิ้มซิมและคู่มือการใช้งาน</li>
	</ul>
	</li>
	<li><strong>การรับประกัน:</strong> รับประกันสินค้า 1 ปี จาก Xiaomi Thailand</li>
	<li><strong>คำแนะนำการใช้งาน:</strong> ใช้หัวชาร์จ 67 W ของแท้และอัปเดต MIUI 14 เป็นเวอร์ชันล่าสุดเพื่อประสิทธิภาพสูงสุด</li>
</ul>');
INSERT INTO public.shop_product (id, name, description, price, stock, image, discount_type, discount_value, is_active, brand_id, category_id, detail) VALUES (10, 'iPad Air (M2)', 'แท็บเล็ตทรงพลังด้วยชิป M2 ที่เร็วแรง พร้อมหน้าจอ Liquid Retina ขนาด 10.9 นิ้ว สีสันสดใสและคมชัด รองรับ Apple Pencil รุ่นที่ 2 เหมาะสำหรับงานสร้างสรรค์และความบันเทิง แบตเตอรี่ใช้งานได้นานตลอดวัน ดีไซน์บางเบาพกพาสะดวก', 28900.00, 15, 'product_images/iPad-Air-11-inch-M2-Cellular-Blue-2-square_medium.jpg', 'PERCENT', 5.00, true, 1, 3, '<ul>
	<li><strong>ชื่อสินค้า:</strong> iPad Air (M2)</li>
	<li><strong>คำอธิบายสั้น:</strong> แท็บเล็ตสุดแรงจาก Apple มาพร้อมชิป M2 ดีไซน์บางเบา หน้าจอ Liquid Retina 11 นิ้ว สีสดและคมชัด เหมาะทั้งงานและความบันเทิง</li>
	<li><strong>คุณสมบัติหลัก:</strong>
	<ul>
		<li>กรอบเครื่องทำจากอะลูมิเนียม สี Space Gray</li>
		<li>หน้าจอ Liquid Retina ขนาด 11 นิ้ว ความละเอียด 2360&times;1640 รีเฟรชเรต 60 Hz</li>
		<li>ชิป Apple M2 พร้อม CPU 8-core และ GPU 10-core</li>
		<li>กล้องหน้า 12 MP Ultra Wide พร้อม Center Stage</li>
		<li>กล้องหลัง 12 MP Wide บันทึกวิดีโอ 4K</li>
		<li>รองรับ Apple Pencil (รุ่นที่ 2) และ Magic Keyboard</li>
		<li>แบตเตอรี่ใช้งานได้สูงสุด 10 ชั่วโมง</li>
	</ul>
	</li>
	<li><strong>สเป็ค (ย่อ):</strong>
	<ul>
		<li>ขนาด: 247.6 &times; 178.5 &times; 6.1 มม.</li>
		<li>น้ำหนัก: 462 กรัม</li>
		<li>สี: Space Gray</li>
		<li>หน่วยความจำ: 256 GB</li>
		<li>ระบบปฏิบัติการ: iPadOS 18</li>
		<li>การเชื่อมต่อ: Wi-Fi 6, Bluetooth 5.3</li>
	</ul>
	</li>
	<li><strong>สิ่งที่อยู่ในกล่อง:</strong>
	<ul>
		<li>iPad Air (M2) หนึ่งเครื่อง</li>
		<li>สาย USB-C</li>
		<li>อะแดปเตอร์ชาร์จ 20 W</li>
		<li>คู่มือการใช้งานและเอกสารรับประกัน</li>
	</ul>
	</li>
	<li><strong>การรับประกัน:</strong> รับประกันสินค้า 1 ปี จาก Apple (สามารถขยายด้วย AppleCare+)</li>
	<li><strong>คำแนะนำการใช้งาน:</strong> ใช้อแดปเตอร์ชาร์จของแท้และอัปเดต iPadOS ให้เป็นเวอร์ชันล่าสุดเพื่อความเสถียรและประสิทธิภาพสูงสุด</li>
</ul>');
INSERT INTO public.shop_product (id, name, description, price, stock, image, discount_type, discount_value, is_active, brand_id, category_id, detail) VALUES (3, 'Samsung Galaxy S24 Ultra', 'ที่สุดของสมาร์ตโฟนสายพรีเมียม มาพร้อมปากกา S Pen ในตัว จอ AMOLED 6.8" คมชัดระดับ QHD+ รีเฟรชเรต 120Hz ชิป Snapdragon 8 Gen 3 เร็วแรงประหยัดพลังงาน กล้องหลัก 200MP ถ่ายภาพได้คมชัดทั้งกลางวันและกลางคืน พร้อมฟีเจอร์ AI อัจฉริยะ ยกระดับการใช้งานทุกมิติ', 42900.00, 15, 'product_images/Samsung--Galaxy-S24-ULTRA--TITANIUM-5G-3-square_medium.jpg', 'PERCENT', 8.00, true, 2, 1, '<ul>
	<li><strong>ชื่อสินค้า:</strong> Samsung Galaxy S24 Ultra</li>
	<li><strong>คำอธิบายสั้น:</strong> สมาร์ทโฟนเรือธงรุ่นล่าสุดจาก Samsung มาพร้อมกรอบไทเทเนียม กล้อง 200 MP และชิป Snapdragon 8 Gen 3 for Galaxy</li>
	<li><strong>คุณสมบัติหลัก:</strong>
	<ul>
		<li>กรอบเครื่องทำจากไทเทเนียม สี Titanium Gray</li>
		<li>หน้าจอ Dynamic AMOLED 2X ขนาด 6.8 นิ้ว QHD+ รีเฟรชเรต 120 Hz</li>
		<li>ชิปประมวลผล Snapdragon 8 Gen 3 for Galaxy</li>
		<li>กล้องหลัก 200 MP พร้อมซูมออปติคัล 5x และ Space Zoom 100x</li>
		<li>รองรับปากกา S Pen ในตัว พร้อมความหน่วงต่ำ 2.8 ms</li>
		<li>แบตเตอรี่ 5000 mAh รองรับชาร์จเร็ว 45 W และ Wireless Charging 2.0</li>
	</ul>
	</li>
	<li><strong>สเป็ค (ย่อ):</strong>
	<ul>
		<li>ขนาด: 162.3 &times; 79.0 &times; 8.6 มม.</li>
		<li>น้ำหนัก: 232 กรัม</li>
		<li>สี: Titanium Gray</li>
		<li>หน่วยความจำ: RAM 12 GB / ROM 256 GB</li>
		<li>ระบบปฏิบัติการ: Android 14 พร้อม One UI 6.1</li>
		<li>มาตรฐานกันน้ำกันฝุ่น: IP68</li>
		<li>การเชื่อมต่อ: 5G, Wi-Fi 7, Bluetooth 5.3, USB-C 3.2</li>
	</ul>
	</li>
	<li><strong>สิ่งที่อยู่ในกล่อง:</strong>
	<ul>
		<li>Samsung Galaxy S24 Ultra หนึ่งเครื่อง</li>
		<li>สาย USB-C</li>
		<li>เข็มจิ้มซิม</li>
		<li>คู่มือการใช้งานและเอกสารรับประกัน</li>
	</ul>
	</li>
	<li><strong>การรับประกัน:</strong> รับประกันสินค้า 1 ปี จาก Samsung ประเทศไทย</li>
	<li><strong>คำแนะนำการใช้งาน:</strong> ใช้หัวชาร์จ 45 W ของแท้เพื่อชาร์จเต็มประสิทธิภาพ เปิดโหมด Adaptive Battery เพื่อยืดอายุแบตเตอรี่</li>
</ul>');
INSERT INTO public.shop_product (id, name, description, price, stock, image, discount_type, discount_value, is_active, brand_id, category_id, detail) VALUES (13, 'Mi Power Bank 10000mAh', 'พาวเวอร์แบงค์ขนาดกะทัดรัด ความจุ 10,000mAh ชาร์จได้รวดเร็ว รองรับการชาร์จอุปกรณ์หลากหลายทั้งสมาร์ตโฟนและแท็บเล็ต ดีไซน์เรียบง่าย พกพาสะดวก เหมาะสำหรับคนที่ต้องการพลังงานสำรองไว้ใช้งานนอกบ้าน', 990.00, 100, 'product_images/41c032dd4c430380d74bd99902d8b1ef.png', 'FIXED', 100.00, true, 6, 4, '<ul>
	<li><strong>ชื่อสินค้า:</strong> Mi Power Bank 10000mAh</li>
	<li><strong>คำอธิบายสั้น:</strong> แบตสำรองความจุ 10000mAh จาก Xiaomi ขนาดกะทัดรัด น้ำหนักเบา รองรับชาร์จเร็วและป้องกันความปลอดภัยหลายชั้น</li>
	<li><strong>คุณสมบัติหลัก:</strong>
	<ul>
		<li>ความจุแบตเตอรี่: 10000 mAh</li>
		<li>ชาร์จไฟเข้า: 5V/2A</li>
		<li>ชาร์จไฟออก: USB-A 5V/2.4A</li>
		<li>รองรับชาร์จเร็ว 18W</li>
		<li>มีระบบป้องกันการลัดวงจร ป้องกันการชาร์จเกินและป้องกันความร้อน</li>
		<li>วัสดุ: พลาสติก ABS แข็งแรงและทนความร้อน</li>
		<li>น้ำหนัก: 218 กรัม</li>
		<li>ขนาด: 147 &times; 71 &times; 14 มม.</li>
	</ul>
	</li>
	<li><strong>สิ่งที่อยู่ในกล่อง:</strong>
	<ul>
		<li>Mi Power Bank 10000mAh หนึ่งเครื่อง</li>
		<li>สาย Micro USB</li>
		<li>คู่มือการใช้งาน</li>
	</ul>
	</li>
	<li><strong>การรับประกัน:</strong> รับประกันสินค้า 1 ปี จาก Xiaomi Thailand</li>
	<li><strong>คำแนะนำการใช้งาน:</strong> ใช้สายชาร์จของแท้เพื่อประสิทธิภาพสูงสุด และเก็บในที่แห้งไม่โดนความร้อนสูง</li>
</ul>');
INSERT INTO public.shop_product (id, name, description, price, stock, image, discount_type, discount_value, is_active, brand_id, category_id, detail) VALUES (18, 'Galaxy Buds3 Pro', 'หูฟังไร้สายระดับพรีเมียมจาก Samsung มาพร้อมระบบตัดเสียงรบกวน ANC คุณภาพสูง เสียงสมจริง เบสแน่น ควบคุมง่ายผ่านระบบสัมผัส ดีไซน์กระชับสบาย พร้อมกันน้ำระดับ IPX7 ใช้งานได้ยาวนานตลอดวัน เหมาะสำหรับคนรักเสียงเพลงและชีวิตแอคทีฟ', 6990.00, 35, 'product_images/th-galaxy-buds3-pro-r630-sm-r630nzaaasa-thumb-542137124.webp', 'NONE', 0.00, true, 2, 5, '<ul>
	<li><strong>ชื่อสินค้า:</strong> Galaxy Buds3 Pro</li>
	<li><strong>คำอธิบายสั้น:</strong> หูฟัง True Wireless จาก Samsung มาพร้อมระบบตัดเสียงรบกวน ANC ระดับพรีเมียม เสียงคมชัด และแบตเตอรี่ใช้งานได้นาน</li>
	<li><strong>คุณสมบัติหลัก:</strong>
	<ul>
		<li>หูฟังแบบ In-Ear น้ำหนักเบา สี Phantom Black</li>
		<li>ระบบตัดเสียงรบกวน ANC แบบปรับได้</li>
		<li>รองรับ 24-bit Hi-Fi Audio ผ่าน Galaxy Device</li>
		<li>แบตเตอรี่ใช้งานได้สูงสุด 8 ชั่วโมง ต่อการชาร์จหนึ่งครั้ง</li>
		<li>ชาร์จพร้อมเคสเพิ่มได้รวมสูงสุด 28 ชั่วโมง</li>
		<li>กันน้ำระดับ IPX7</li>
		<li>ไมโครโฟน 3 ตัวสำหรับโทรศัพท์และสั่งงานด้วยเสียง</li>
		<li>การเชื่อมต่อ: Bluetooth 5.3</li>
	</ul>
	</li>
	<li><strong>สิ่งที่อยู่ในกล่อง:</strong>
	<ul>
		<li>Galaxy Buds3 Pro หนึ่งชุด</li>
		<li>เคสชาร์จ</li>
		<li>จุกซิลิโคนขนาดมาตรฐาน</li>
		<li>สาย USB-C สำหรับชาร์จ</li>
		<li>คู่มือการใช้งาน</li>
	</ul>
	</li>
	<li><strong>การรับประกัน:</strong> รับประกันสินค้า 1 ปี จาก Samsung Thailand</li>
	<li><strong>คำแนะนำการใช้งาน:</strong> ชาร์จด้วยสาย USB-C ของแท้ และอัปเดตซอฟต์แวร์ผ่านแอป Galaxy Wearable เพื่อประสิทธิภาพสูงสุด</li>
</ul>');
INSERT INTO public.shop_product (id, name, description, price, stock, image, discount_type, discount_value, is_active, brand_id, category_id, detail) VALUES (17, 'AirPods Pro 2', 'หูฟังไร้สายระดับพรีเมียม มาพร้อมระบบตัดเสียงรบกวน Active Noise Cancellation คุณภาพสูง เสียงใสคมชัด เบสทรงพลัง ดีไซน์กระชับสบาย ใช้งานง่ายด้วยชิป H2 รองรับฟีเจอร์เสียงรอบทิศทาง Spatial Audio แบตเตอรี่ใช้งานได้นาน พร้อมเคสชาร์จไร้สาย', 8990.00, 35, 'product_images/AirPods_Pro_2nd_Gen_with_USB-C_PDP_Image_Position-1__global.webp', 'FIXED', 500.00, true, 1, 5, '<ul>
	<li><strong>ชื่อสินค้า:</strong> AirPods Pro 2</li>
	<li><strong>คำอธิบายสั้น:</strong> หูฟัง True Wireless จาก Apple รุ่นใหม่ มาพร้อมระบบตัดเสียงรบกวน ANC แบบ Adaptive เสียงคุณภาพสูง และฟีเจอร์ Spatial Audio</li>
	<li><strong>คุณสมบัติหลัก:</strong>
	<ul>
		<li>หูฟังแบบ In-Ear น้ำหนักเบา สี White</li>
		<li>ระบบตัดเสียงรบกวน ANC Adaptive พร้อมโหมด Transparency</li>
		<li>ชิป H2 สำหรับเสียงคุณภาพสูงและการประมวลผล ANC</li>
		<li>รองรับ Spatial Audio และ Adaptive EQ</li>
		<li>แบตเตอรี่ใช้งานได้สูงสุด 6 ชั่วโมง ต่อการชาร์จหนึ่งครั้ง</li>
		<li>ชาร์จด้วยเคสเพิ่มได้รวมสูงสุด 30 ชั่วโมง</li>
		<li>กันน้ำและเหงื่อ IPX4</li>
		<li>การเชื่อมต่อ: Bluetooth 5.3, รองรับ iOS, iPadOS, macOS, watchOS</li>
	</ul>
	</li>
	<li><strong>สิ่งที่อยู่ในกล่อง:</strong>
	<ul>
		<li>AirPods Pro 2 หนึ่งชุด</li>
		<li>เคสชาร์จ MagSafe</li>
		<li>จุกหูฟังซิลิโคนหลายขนาด</li>
		<li>สาย Lightning to USB-C</li>
		<li>คู่มือการใช้งาน</li>
	</ul>
	</li>
	<li><strong>การรับประกัน:</strong> รับประกันสินค้า 1 ปี จาก Apple Thailand</li>
	<li><strong>คำแนะนำการใช้งาน:</strong> ชาร์จด้วยสายและเคสแท้ของ Apple และอัปเดต iOS ให้เป็นเวอร์ชันล่าสุดเพื่อประสิทธิภาพสูงสุด</li>
</ul>');
INSERT INTO public.shop_product (id, name, description, price, stock, image, discount_type, discount_value, is_active, brand_id, category_id, detail) VALUES (22, 'not for sale!', 'test', 123.00, 2, '', 'NONE', 0.00, false, 7, 3, NULL);
INSERT INTO public.shop_product (id, name, description, price, stock, image, discount_type, discount_value, is_active, brand_id, category_id, detail) VALUES (2, 'iPhone 14', 'สมาร์ตโฟนที่พร้อมสำหรับทุกวัน มาพร้อมกล้องคู่ความละเอียดสูง ถ่ายภาพและวิดีโอได้อย่างสวยงามในทุกแสง ชิป A15 Bionic ให้การใช้งานลื่นไหล แบตเตอรี่ใช้งานได้ยาวนาน และฟีเจือนความปลอดภัยใหม่อย่าง Crash Detection ที่ช่วยเพิ่มความอุ่นใจในทุกการเดินทาง', 35900.00, 10, 'product_images/iPhone_14_Blue-square_medium.png', 'FIXED', 2000.00, true, 1, 1, '<ul>
	<li><strong>ชื่อสินค้า:</strong> iPhone 14</li>
	<li><strong>คำอธิบายสั้น:</strong> สมาร์ทโฟนจาก Apple ที่มาพร้อมดีไซน์เรียบหรู กล้องคู่ที่ได้รับการอัปเกรด และประสิทธิภาพชิป A15 Bionic ที่ทรงพลัง</li>
	<li><strong>คุณสมบัติหลัก:</strong>
	<ul>
		<li>หน้าจอ Super Retina XDR OLED ขนาด 6.1 นิ้ว ความละเอียดสูง สีสันคมชัด</li>
		<li>ชิปเซ็ต Apple A15 Bionic (6-core CPU, 5-core GPU) ประสิทธิภาพแรงและประหยัดพลังงาน</li>
		<li>กล้องคู่ 12MP (Wide + Ultra Wide) ถ่ายภาพกลางคืนและ HDR ได้อย่างยอดเยี่ยม</li>
		<li>กล้องหน้า TrueDepth 12MP พร้อมโหมด Photonic Engine สำหรับภาพที่สว่างและคมชัดขึ้น</li>
		<li>รองรับฟีเจอร์ Emergency SOS ผ่านดาวเทียม และ Crash Detection</li>
		<li>รองรับ 5G และ Wi-Fi 6 เพื่อการเชื่อมต่อที่รวดเร็ว</li>
	</ul>
	</li>
	<li><strong>สเป็ค (ย่อ):</strong>
	<ul>
		<li>ขนาด: 146.7 &times; 71.5 &times; 7.8 มม.</li>
		<li>น้ำหนัก: 172 กรัม</li>
		<li>วัสดุ: กระจก Ceramic Shield ด้านหน้า / หลัง กระจก / กรอบอะลูมิเนียม</li>
		<li>สีที่มีให้เลือก: น้ำเงิน, ม่วง, ขาว, ดำมิดไนท์, แดง PRODUCT(RED), เหลือง</li>
		<li>หน่วยความจำภายใน: 128 GB, 256 GB, 512 GB</li>
		<li>มาตรฐานกันน้ำกันฝุ่น: IP68 (ลึกสูงสุด 6 เมตร นานสูงสุด 30 นาที)</li>
		<li>ระบบปฏิบัติการ: iOS 16 (อัปเดตต่อเนื่องยาวนาน)</li>
	</ul>
	</li>
	<li><strong>สิ่งที่อยู่ในกล่อง:</strong>
	<ul>
		<li>iPhone 14 หนึ่งเครื่อง</li>
		<li>สายชาร์จ USB-C to Lightning</li>
		<li>คู่มือการใช้งานและเอกสารรับประกัน</li>
	</ul>
	</li>
	<li><strong>การรับประกัน:</strong> รับประกันสินค้า 1 ปี จาก Apple (สามารถขยายด้วย AppleCare+)</li>
	<li><strong>คำแนะนำการใช้งาน:</strong> ใช้อแดปเตอร์ชาร์จเร็ว 20W หรือสูงกว่าเพื่อการชาร์จที่มีประสิทธิภาพ และหลีกเลี่ยงการใช้งานในอุณหภูมิสูงเกินไปเพื่อยืดอายุแบตเตอรี่</li>
</ul>');
INSERT INTO public.shop_product (id, name, description, price, stock, image, discount_type, discount_value, is_active, brand_id, category_id, detail) VALUES (19, 'Dell Wireless Mouse', 'เมาส์ไร้สายดีไซน์ทันสมัย ใช้งานง่าย เชื่อมต่อผ่าน Bluetooth หรือ USB ตัวเครื่องขนาดกะทัดรัด รองรับการใช้งานทั้งงานทั่วไปและเล่นเกม แบตเตอรี่อึด ใช้งานได้ยาวนาน พกพาสะดวก เหมาะกับทุกไลฟ์สไตล์', 790.00, 93, 'product_images/WM126_B-new.jpg', 'PERCENT', 5.00, true, 7, 4, '<ul>
	<li><strong>ชื่อสินค้า:</strong> Dell Wireless Mouse</li>
	<li><strong>คำอธิบายสั้น:</strong> เมาส์ไร้สายจาก Dell ดีไซน์กะทัดรัด ใช้งานสะดวก รองรับการเชื่อมต่อด้วย USB Receiver และแบตเตอรี่ใช้งานได้นาน</li>
	<li><strong>คุณสมบัติหลัก:</strong>
	<ul>
		<li>ดีไซน์มาตรฐานสำหรับมือขวา สีดำ</li>
		<li>ความละเอียดเซ็นเซอร์ 1600 DPI</li>
		<li>เชื่อมต่อด้วย USB Wireless Receiver 2.4 GHz</li>
		<li>แบตเตอรี่ AA ใช้งานได้สูงสุด 12 เดือน</li>
		<li>ปุ่มคลิกซ้าย-ขวาและปุ่ม Scroll Wheel</li>
		<li>พื้นผิวด้านบนไม่ลื่นง่าย จับถนัดมือ</li>
		<li>น้ำหนักเบา 85 กรัม</li>
	</ul>
	</li>
	<li><strong>สิ่งที่อยู่ในกล่อง:</strong>
	<ul>
		<li>Dell Wireless Mouse หนึ่งเครื่อง</li>
		<li>USB Wireless Receiver</li>
		<li>แบตเตอรี่ AA หนึ่งก้อน</li>
		<li>คู่มือการใช้งาน</li>
	</ul>
	</li>
	<li><strong>การรับประกัน:</strong> รับประกันสินค้า 1 ปี จาก Dell Thailand</li>
	<li><strong>คำแนะนำการใช้งาน:</strong> ใช้กับพื้นผิวเรียบและแห้งเพื่อประสิทธิภาพสูงสุด และเปลี่ยนแบตเตอรี่เมื่อไฟเริ่มต่ำ</li>
</ul>');
INSERT INTO public.shop_product (id, name, description, price, stock, image, discount_type, discount_value, is_active, brand_id, category_id, detail) VALUES (23, 'test', 'test', 100.00, 0, '', 'NONE', 0.00, false, NULL, NULL, '<ul>
	<li>testst</li>
	<li>ftest</li>
</ul>

<p>Hello world</p>

<ol>
	<li>gsagasg</li>
	<li>fdsagadfgdfg</li>
	<li>kjhhjkhjg</li>
</ol>');
INSERT INTO public.shop_product (id, name, description, price, stock, image, discount_type, discount_value, is_active, brand_id, category_id, detail) VALUES (1, 'iPhone 15 Pro', 'เบากว่า เร็วกว่า และล้ำหน้ากว่าที่เคย ด้วยดีไซน์ใหม่จากไทเทเนียม แข็งแกร่งแต่เบา ชิป A17 Pro ทรงพลังสำหรับประสบการณ์เล่นเกมและการใช้งานระดับโปร กล้องใหม่ถ่ายภาพได้สวยคมในทุกสภาพแสง พร้อมพอร์ต USB-C ที่ให้การโอนถ่ายข้อมูลเร็วเหนือชั้น', 45900.00, 20, 'product_images/iPhone-15-Pro-Max--Blue-Titanium.png', 'PERCENT', 10.00, true, 1, 1, '<ul>
	<li><strong>ชื่อสินค้า:</strong> iPhone 15 Pro</li>
	<li><strong>คำอธิบายสั้น:</strong> สมาร์ทโฟนระดับเรือธงจาก Apple ที่มาพร้อมกรอบไทเทเนียม น้ำหนักเบา แข็งแรง และประสิทธิภาพสูงสุดด้วยชิป A17 Pro</li>
	<li><strong>คุณสมบัติหลัก:</strong>
	<ul>
		<li>กรอบเครื่องทำจากไทเทเนียมเกรดเดียวกับอากาศยาน เบาและทนทาน</li>
		<li>หน้าจอ Super Retina XDR OLED 6.1 นิ้ว พร้อม ProMotion 120Hz</li>
		<li>ชิปเซ็ต Apple A17 Pro (เทคโนโลยี 3 นาโนเมตร) ประสิทธิภาพสูงและประหยัดพลังงาน</li>
		<li>กล้องหลัง 3 ตัว (48 MP Main, 12 MP Ultra-Wide, 12 MP Telephoto 3x) พร้อม LiDAR Scanner</li>
		<li>พอร์ต USB-C รองรับการถ่ายโอนข้อมูลความเร็วสูงระดับ 10 Gbps</li>
		<li>รองรับการถ่ายวิดีโอ ProRes และ Log Video สำหรับงานระดับมืออาชีพ</li>
	</ul>
	</li>
	<li><strong>สเป็ค (ย่อ):</strong>
	<ul>
		<li>ขนาด: 146.6 &times; 70.6 &times; 8.3 มม.</li>
		<li>น้ำหนัก: 187 กรัม</li>
		<li>วัสดุ: กระจก Ceramic Shield ด้านหน้า / หลัง กระจก / กรอบไทเทเนียม</li>
		<li>สีที่มีให้เลือก: ไทเทเนียมธรรมชาติ, ไทเทเนียมฟ้า, ไทเทเนียมขาว, ไทเทเนียมดำ</li>
		<li>หน่วยความจำภายใน: 128 GB &ndash; 1 TB (แรม 8 GB)</li>
		<li>มาตรฐานกันน้ำกันฝุ่น: IP68 (ลึก 6 เมตร นาน สูงสุด 30 นาที)</li>
		<li>ระบบปฏิบัติการ: iOS 17 (อัปเดตต่อเนื่องยาวนาน)</li>
	</ul>
	</li>
	<li><strong>สิ่งที่อยู่ในกล่อง:</strong>
	<ul>
		<li>iPhone 15 Pro หนึ่งเครื่อง</li>
		<li>สายชาร์จ USB-C to USB-C</li>
		<li>คู่มือการใช้งานและเอกสารรับประกัน</li>
	</ul>
	</li>
	<li><strong>การรับประกัน:</strong> รับประกันสินค้า 1 ปี จาก Apple (สามารถขยายด้วย AppleCare+)</li>
	<li><strong>คำแนะนำการใช้งาน:</strong> ใช้อแดปเตอร์ USB-C ที่ได้มาตรฐาน 20 W ขึ้นไปเพื่อประสิทธิภาพการชาร์จสูงสุด และหลีกเลี่ยงการใช้งานในอุณหภูมิที่ร้อนจัดหรือเย็นจัดเกินไป</li>
</ul>');
INSERT INTO public.shop_product (id, name, description, price, stock, image, discount_type, discount_value, is_active, brand_id, category_id, detail) VALUES (21, 'iPhone 17 Pro Max', 'ที่สุดแห่งสมาร์ตโฟนจาก Apple มาพร้อมชิป A19 Bionic ที่เร็วแรงยิ่งขึ้น จอ Super Retina XDR Pro ขนาดใหญ่ แสดงผลคมชัดทุกมุมมอง กล้องระดับโปรใหม่ล่าสุด พร้อมระบบ AI ถ่ายภาพล้ำสมัย แบตเตอรี่ใช้งานได้นานตลอดวัน ดีไซน์หรูหรา แข็งแกร่ง ด้วยวัสดุไทเทเนียมรุ่นใหม่', 43900.00, 4, 'product_images/iphone_17_Pro_Max_3.png', 'NONE', 0.00, true, 1, 1, '<ul>
	<li><strong>ชื่อสินค้า:</strong> iPhone 17 Pro Max</li>
	<li><strong>คำอธิบายสั้น:</strong> สมาร์ทโฟนรุ่นเรือธงจาก Apple มาพร้อมกรอบไทเทเนียม น้ำหนักเบา ชิป A19 Bionic และกล้องระดับมืออาชีพ</li>
	<li><strong>คุณสมบัติหลัก:</strong>
	<ul>
		<li>กรอบเครื่องทำจากไทเทเนียม สี Titanium Blue</li>
		<li>หน้าจอ Super Retina XDR OLED ขนาด 6.9 นิ้ว รีเฟรชเรต 120Hz</li>
		<li>ชิป Apple A19 Bionic</li>
		<li>กล้องหลัง 3 ตัว (48 MP Main, 12 MP Ultra-Wide, 12 MP Telephoto 5x)</li>
		<li>รองรับการถ่ายวิดีโอ ProRes และ Log Video</li>
		<li>แบตเตอรี่ใช้งานได้นานสูงสุด 28 ชั่วโมง</li>
		<li>รองรับ MagSafe และชาร์จเร็ว 20 W</li>
	</ul>
	</li>
	<li><strong>สเป็ค (ย่อ):</strong>
	<ul>
		<li>ขนาด: 160.5 &times; 78.1 &times; 7.9 มม.</li>
		<li>น้ำหนัก: 235 กรัม</li>
		<li>สี: Silver</li>
		<li>หน่วยความจำ: 512 GB</li>
		<li>ระบบปฏิบัติการ: iOS 19</li>
		<li>มาตรฐานกันน้ำกันฝุ่น: IP68</li>
	</ul>
	</li>
	<li><strong>สิ่งที่อยู่ในกล่อง:</strong>
	<ul>
		<li>iPhone 17 Pro Max หนึ่งเครื่อง</li>
		<li>สาย USB-C to Lightning</li>
		<li>คู่มือการใช้งานและเอกสารรับประกัน</li>
	</ul>
	</li>
	<li><strong>การรับประกัน:</strong> รับประกันสินค้า 1 ปี จาก Apple (สามารถขยายด้วย AppleCare+)</li>
	<li><strong>คำแนะนำการใช้งาน:</strong> ใช้อแดปเตอร์ชาร์จเร็วของแท้เพื่อประสิทธิภาพสูงสุด และเปิดอัปเดต iOS ล่าสุดเสมอเพื่อความเสถียร</li>
</ul>');
INSERT INTO public.shop_product (id, name, description, price, stock, image, discount_type, discount_value, is_active, brand_id, category_id, detail) VALUES (4, 'Xiaomi 14', 'สมาร์ตโฟนเรือธงดีไซน์พรีเมียม มาพร้อมกล้อง Leica คุณภาพระดับมืออาชีพ ชิป Snapdragon 8 Gen 3 ทรงพลัง หน้าจอ AMOLED 6.36" ความละเอียดสูง รีเฟรชเรต 120Hz ลื่นไหลทุกการใช้งาน รองรับการชาร์จไวทั้งแบบสายและไร้สาย ครบเครื่องทั้งความแรงและสไตล์ในเครื่องเดียว', 27900.00, 25, 'product_images/Xiaomi-14-Pro-Green.jpg', 'PERCENT', 5.00, true, 6, 1, '<ul>
	<li><strong>ชื่อสินค้า:</strong> Xiaomi 14</li>
	<li><strong>คำอธิบายสั้น:</strong> สมาร์ทโฟนเรือธงจาก Xiaomi มาพร้อมชิป Snapdragon 8 Gen 3 กล้อง Leica 50 MP และดีไซน์พรีเมียม</li>
	<li><strong>คุณสมบัติหลัก:</strong>
	<ul>
		<li>กรอบเครื่องทำจากอลูมิเนียม สีเขียว Forest Green</li>
		<li>หน้าจอ AMOLED LTPO ขนาด 6.36 นิ้ว ความละเอียด 1.5K รีเฟรชเรต 120Hz</li>
		<li>ชิป Snapdragon 8 Gen 3</li>
		<li>กล้องหลัง Leica 3 ตัว (50 MP Main, 50 MP Ultra-Wide, 50 MP Telephoto)</li>
		<li>กล้องหน้า 32 MP</li>
		<li>แบตเตอรี่ 4610 mAh รองรับชาร์จเร็ว 90 W และชาร์จไร้สาย 50 W</li>
		<li>ระบบเสียง Dolby Atmos ลำโพงสเตอริโอคู่</li>
	</ul>
	</li>
	<li><strong>สเป็ค (ย่อ):</strong>
	<ul>
		<li>ขนาด: 152.8 &times; 71.5 &times; 8.2 มม.</li>
		<li>น้ำหนัก: 193 กรัม</li>
		<li>สี: Forest Green</li>
		<li>หน่วยความจำ: RAM 12 GB / ROM 256 GB</li>
		<li>ระบบปฏิบัติการ: HyperOS (พัฒนาจาก Android 14)</li>
		<li>มาตรฐานกันน้ำกันฝุ่น: IP68</li>
		<li>การเชื่อมต่อ: 5G, Wi-Fi 7, Bluetooth 5.4, USB-C 3.2</li>
	</ul>
	</li>
	<li><strong>สิ่งที่อยู่ในกล่อง:</strong>
	<ul>
		<li>Xiaomi 14 หนึ่งเครื่อง</li>
		<li>อะแดปเตอร์ชาร์จเร็ว 90 W</li>
		<li>สาย USB-C</li>
		<li>เคสซิลิโคนใส</li>
		<li>เข็มจิ้มซิมและคู่มือการใช้งาน</li>
	</ul>
	</li>
	<li><strong>การรับประกัน:</strong> รับประกันสินค้า 1 ปี จาก Xiaomi Thailand</li>
	<li><strong>คำแนะนำการใช้งาน:</strong> ใช้หัวชาร์จ 90 W ของแท้และอัปเดต HyperOS เป็นเวอร์ชันล่าสุดเพื่อประสิทธิภาพสูงสุด</li>
</ul>');
INSERT INTO public.shop_product (id, name, description, price, stock, image, discount_type, discount_value, is_active, brand_id, category_id, detail) VALUES (6, 'Asus TUF Gaming F15', 'โน้ตบุ๊กเกมมิ่งสุดแกร่ง ดีไซน์ดุดัน มาพร้อมขุมพลัง Intel Core เจนล่าสุด และกราฟิกการ์ด NVIDIA GeForce RTX เล่นเกมลื่นไหลทุกแนว หน้าจอ 144Hz ตอบสนองไว พร้อมระบบระบายความร้อนประสิทธิภาพสูง รองรับการใช้งานหนักได้ต่อเนื่อง โครงสร้างแข็งแรงตามมาตรฐาน MIL-STD-810H', 32900.00, 9, 'product_images/notebook_11056_20210603-152649_c.webp', 'FIXED', 1000.00, true, 3, 2, '<ul>
	<li><strong>ชื่อสินค้า:</strong> Asus TUF Gaming F15</li>
	<li><strong>คำอธิบายสั้น:</strong> โน้ตบุ๊กเกมมิ่งสุดคุ้มจาก ASUS ตระกูล TUF มาพร้อมชิป Intel Core i7-12700H การ์ดจอ NVIDIA GeForce RTX 4050 และหน้าจอ 15.6 นิ้ว รีเฟรชเรต 144 Hz</li>
	<li><strong>คุณสมบัติหลัก:</strong>
	<ul>
		<li>กรอบเครื่องทำจากพลาสติกแข็งแรง สี Graphite Black</li>
		<li>หน้าจอ 15.6 นิ้ว Full HD รีเฟรชเรต 144 Hz</li>
		<li>ชิป Intel Core i7-12700H</li>
		<li>กราฟิกการ์ด NVIDIA GeForce RTX 4050</li>
		<li>ระบบระบายความร้อน Dual Fans พร้อม 4 ช่องระบายอากาศ</li>
		<li>คีย์บอร์ด RGB แบบเต็มขนาด</li>
		<li>แบตเตอรี่ 90 Wh</li>
	</ul>
	</li>
	<li><strong>สเป็ค (ย่อ):</strong>
	<ul>
		<li>ขนาด: 359 &times; 255 &times; 24 มม.</li>
		<li>น้ำหนัก: 2.2 กก.</li>
		<li>สี: Graphite Black</li>
		<li>หน่วยความจำ: RAM 16 GB</li>
		<li>ที่เก็บข้อมูล: SSD 512 GB</li>
		<li>ระบบปฏิบัติการ: Windows 11 Home</li>
		<li>กล้อง: HD 720p Webcam</li>
		<li>เสียง: ลำโพงสเตอริโอ DTS:X Ultra</li>
		<li>พอร์ตเชื่อมต่อ: 1x Thunderbolt 4 (USB-C), 2x USB-A 3.2 Gen1, 1x HDMI 2.1, 1x LAN, 1x Headphone Jack</li>
		<li>การเชื่อมต่อ: Wi-Fi 6, Bluetooth 5.3</li>
	</ul>
	</li>
	<li><strong>สิ่งที่อยู่ในกล่อง:</strong>
	<ul>
		<li>Asus TUF Gaming F15 หนึ่งเครื่อง</li>
		<li>อะแดปเตอร์ชาร์จ 240 W</li>
		<li>คู่มือการใช้งาน</li>
		<li>สติกเกอร์ TUF Gaming</li>
	</ul>
	</li>
	<li><strong>การรับประกัน:</strong> รับประกันศูนย์ ASUS 2 ปี พร้อม Perfect Warranty 1 ปี</li>
	<li><strong>คำแนะนำการใช้งาน:</strong> อัปเดตไดรเวอร์ผ่าน Armoury Crate และตั้งโหมด Performance ขณะเล่น</li>
</ul>');
INSERT INTO public.shop_product (id, name, description, price, stock, image, discount_type, discount_value, is_active, brand_id, category_id, detail) VALUES (7, 'Asus ZenBook 14', 'โน้ตบุ๊กบางเบาพรีเมียม เหมาะสำหรับคนทำงานที่ต้องการความคล่องตัว มาพร้อมหน้าจอ 14” ความละเอียดสูง ชิปประมวลผล Intel Core เจนล่าสุด ใช้งานลื่นไหลทั้งงานเอกสารและมัลติทาสก์ แบตเตอรี่อึด ใช้งานได้นานทั้งวัน ดีไซน์เรียบหรู ตัวเครื่องบางเฉียบ พกพาสะดวกทุกที่', 39900.00, 8, 'product_images/zenbook.png', 'PERCENT', 5.00, true, 3, 2, '<ul>
	<li><strong>ชื่อสินค้า:</strong> Asus ZenBook 14</li>
	<li><strong>คำอธิบายสั้น:</strong> โน้ตบุ๊กบางเบารุ่นพรีเมียมจาก ASUS เหมาะทั้งทำงานและความบันเทิง มาพร้อมหน้าจอ OLED 14 นิ้ว สีสดคมชัด และตัวเครื่องบางเบา</li>
	<li><strong>คุณสมบัติหลัก:</strong>
	<ul>
		<li>กรอบเครื่องทำจากอะลูมิเนียม สี Pine Grey</li>
		<li>หน้าจอ OLED 14 นิ้ว ความละเอียด 2.8K รีเฟรชเรต 120 Hz</li>
		<li>ชิป Intel Core i7-13700H</li>
		<li>กราฟิกการ์ด NVIDIA GeForce RTX 4050</li>
		<li>คีย์บอร์ดไฟ Backlit แบบเต็มขนาด</li>
		<li>ดีไซน์ ErgoLift ยกตัวเครื่องช่วยระบายความร้อนและพิมพ์สะดวก</li>
		<li>แบตเตอรี่ใช้งานได้สูงสุด 12 ชั่วโมง</li>
	</ul>
	</li>
	<li><strong>สเป็ค (ย่อ):</strong>
	<ul>
		<li>ขนาด: 319 &times; 208 &times; 17 มม.</li>
		<li>น้ำหนัก: 1.3 กก.</li>
		<li>สี: Black</li>
		<li>หน่วยความจำ: RAM 16 GB</li>
		<li>ที่เก็บข้อมูล: SSD 1 TB</li>
		<li>ระบบปฏิบัติการ: Windows 11 Home</li>
		<li>กล้อง: HD 720p Webcam พร้อม IR Camera</li>
		<li>เสียง: ลำโพงสเตอริโอ Harman Kardon รองรับ AI Noise-Canceling</li>
		<li>พอร์ตเชื่อมต่อ: 2x USB-C 3.2 Gen 2, 1x USB-A 3.2 Gen1, 1x HDMI 2.1, 1x Headphone Jack, MicroSD Card Reader</li>
		<li>การเชื่อมต่อ: Wi-Fi 6E, Bluetooth 5.3</li>
	</ul>
	</li>
	<li><strong>สิ่งที่อยู่ในกล่อง:</strong>
	<ul>
		<li>Asus ZenBook 14 หนึ่งเครื่อง</li>
		<li>อะแดปเตอร์ชาร์จ USB-C 65 W</li>
		<li>สาย USB-C</li>
		<li>คู่มือการใช้งานและเอกสารรับประกัน</li>
	</ul>
	</li>
	<li><strong>การรับประกัน:</strong> รับประกันศูนย์ ASUS 2 ปี พร้อม Perfect Warranty 1 ปี</li>
	<li><strong>คำแนะนำการใช้งาน:</strong> ใช้อะแดปเตอร์ของแท้และตั้งโหมด Performance หรือ Whisper Mode ตามงาน เพื่อสมดุลระหว่างประสิทธิภาพและความเงียบ</li>
</ul>');
INSERT INTO public.shop_product (id, name, description, price, stock, image, discount_type, discount_value, is_active, brand_id, category_id, detail) VALUES (9, 'Lenovo IdeaPad 5', 'โน้ตบุ๊กสายทำงานที่ครบเครื่อง มาพร้อมประสิทธิภาพสูงด้วยชิป Intel หรือ AMD รุ่นใหม่ หน้าจอขนาด 14” หรือ 15.6” คมชัด สีสวยสด ใช้งานได้ลื่นไหลทั้งงานเอกสารและความบันเทิง แบตเตอรี่อึด พร้อมดีไซน์บางเบา พกพาสะดวก เหมาะกับคนที่ต้องการโน้ตบุ๊กที่ใช้งานได้ทุกวัน', 24900.00, 12, 'product_images/Lenovo-Notebook-IdeaPad-Slim-5-01-square_medium.jpg', 'NONE', 0.00, true, 4, 2, '<ul>
	<li><strong>ชื่อสินค้า:</strong> Lenovo IdeaPad 5</li>
	<li><strong>คำอธิบายสั้น:</strong> โน้ตบุ๊กบางเบารุ่นคุ้มค่าเหมาะสำหรับทำงานและเรียนออนไลน์ มาพร้อมหน้าจอ 15.6 นิ้ว Full HD และชิป AMD Ryzen 7 7735U</li>
	<li><strong>คุณสมบัติหลัก:</strong>
	<ul>
		<li>กรอบเครื่องทำจากอะลูมิเนียม สี Graphite Grey</li>
		<li>หน้าจอ IPS 15.6 นิ้ว Full HD รีเฟรชเรต 60 Hz</li>
		<li>ชิปประมวลผล AMD Ryzen 7 7735U</li>
		<li>กราฟิกการ์ด AMD Radeon 680M</li>
		<li>คีย์บอร์ดมาตรฐาน พร้อมไฟ Backlit</li>
		<li>แบตเตอรี่ใช้งานได้สูงสุด 10 ชั่วโมง</li>
		<li>ลำโพงสเตอริโอ Dolby Audio</li>
	</ul>
	</li>
	<li><strong>สเป็ค (ย่อ):</strong>
	<ul>
		<li>ขนาด: 356 &times; 233 &times; 19.9 มม.</li>
		<li>น้ำหนัก: 1.66 กก.</li>
		<li>สี: Graphite Grey</li>
		<li>หน่วยความจำ: RAM 16 GB</li>
		<li>ที่เก็บข้อมูล: SSD 512 GB</li>
		<li>ระบบปฏิบัติการ: Windows 11 Home</li>
		<li>กล้อง: HD 720p Webcam</li>
		<li>พอร์ตเชื่อมต่อ: 2x USB-A 3.2 Gen1, 1x USB-C 3.2 Gen1, 1x HDMI 1.4b, 1x Headphone Jack</li>
		<li>การเชื่อมต่อ: Wi-Fi 6, Bluetooth 5.1</li>
	</ul>
	</li>
	<li><strong>สิ่งที่อยู่ในกล่อง:</strong>
	<ul>
		<li>Lenovo IdeaPad 5 หนึ่งเครื่อง</li>
		<li>อะแดปเตอร์ชาร์จ 65 W</li>
		<li>สายไฟและคู่มือการใช้งาน</li>
	</ul>
	</li>
	<li><strong>การรับประกัน:</strong> รับประกันศูนย์ Lenovo 1 ปี</li>
	<li><strong>คำแนะนำการใช้งาน:</strong> ใช้อะแดปเตอร์ของแท้และอัปเดต Windows 11 เป็นเวอร์ชันล่าสุดเพื่อประสิทธิภาพสูงสุด</li>
</ul>');
INSERT INTO public.shop_product (id, name, description, price, stock, image, discount_type, discount_value, is_active, brand_id, category_id, detail) VALUES (12, 'Xiaomi Pad 6', 'แท็บเล็ตสเปกคุ้มค่า หน้าจอ 11 นิ้ว AMOLED ความละเอียดสูง สีสวยสดใส พร้อมชิป Snapdragon 8+ Gen 1 ประมวลผลแรง ใช้งานได้ลื่นไหล รองรับปากกา Stylus เหมาะสำหรับงานเรียน งานสร้างสรรค์ และความบันเทิงครบครัน แบตเตอรี่ใช้งานได้ยาวนาน', 13900.00, 20, 'product_images/xiaomi_pad_6_28.png', 'NONE', 0.00, true, 6, 3, '<ul>
	<li><strong>ชื่อสินค้า:</strong> Xiaomi Pad 6</li>
	<li><strong>คำอธิบายสั้น:</strong> แท็บเล็ตแอนดรอยด์ระดับกลางจาก Xiaomi มาพร้อมหน้าจอ WQHD+ ขนาด 11 นิ้ว รีเฟรชเรต 144Hz และชิป Snapdragon 870 เหมาะสำหรับการทำงานและความบันเทิง</li>
	<li><strong>คุณสมบัติหลัก:</strong>
	<ul>
		<li>กรอบเครื่องทำจากอะลูมิเนียม สี Gravity Gray</li>
		<li>หน้าจอ IPS LCD ขนาด 11 นิ้ว ความละเอียด 2880&times;1800 พิกเซล รีเฟรชเรต 144Hz</li>
		<li>ชิป Qualcomm Snapdragon 870</li>
		<li>กล้องหลัง 13 MP พร้อม PDAF</li>
		<li>กล้องหน้า 8 MP</li>
		<li>ลำโพงสเตอริโอ 4 ตัว รองรับ Dolby Vision และ Dolby Atmos</li>
		<li>แบตเตอรี่ 8840 mAh รองรับการชาร์จเร็ว 33W</li>
	</ul>
	</li>
	<li><strong>สเป็ค (ย่อ):</strong>
	<ul>
		<li>ขนาด: 253.95 &times; 165.18 &times; 6.51 มม.</li>
		<li>น้ำหนัก: 490 กรัม</li>
		<li>หน่วยความจำ: RAM 8 GB, ROM 256 GB</li>
		<li>ระบบปฏิบัติการ: Android 13 พร้อม MIUI 14</li>
		<li>การเชื่อมต่อ: Wi-Fi 6, Bluetooth 5.2</li>
		<li>พอร์ต: USB-C 3.2 Gen 1</li>
	</ul>
	</li>
	<li><strong>สิ่งที่อยู่ในกล่อง:</strong>
	<ul>
		<li>Xiaomi Pad 6 หนึ่งเครื่อง</li>
		<li>สาย USB-C</li>
		<li>อะแดปเตอร์ชาร์จ 33W</li>
		<li>คู่มือการใช้งานและเอกสารรับประกัน</li>
	</ul>
	</li>
	<li><strong>การรับประกัน:</strong> รับประกันสินค้า 1 ปี จาก Xiaomi Thailand</li>
	<li><strong>คำแนะนำการใช้งาน:</strong> ใช้อะแดปเตอร์ชาร์จของแท้และอัปเดตซอฟต์แวร์เป็นเวอร์ชันล่าสุดเพื่อประสิทธิภาพสูงสุด</li>
</ul>');
INSERT INTO public.shop_product (id, name, description, price, stock, image, discount_type, discount_value, is_active, brand_id, category_id, detail) VALUES (14, 'Mi Smart Band 8', 'สายรัดข้อมืออัจฉริยะรุ่นล่าสุด จอ AMOLED สีสันสดใส ขนาดใหญ่ขึ้น รองรับการติดตามสุขภาพและกิจกรรมครบถ้วน ทั้งการนับก้าว วัดอัตราการเต้นหัวใจ และตรวจจับการนอนหลับ กันน้ำลึกสูงสุด 50 เมตร แบตเตอรี่อึดใช้งานได้หลายวัน พร้อมดีไซน์เบา สวมใส่สบาย', 1590.00, 80, 'product_images/07102023_20231100014-01_1.png', 'PERCENT', 10.00, true, 6, 4, '<ul>
	<li><strong>ชื่อสินค้า:</strong> Mi Smart Band 8</li>
	<li><strong>คำอธิบายสั้น:</strong> สายรัดข้อมืออัจฉริยะจาก Xiaomi มาพร้อมหน้าจอ AMOLED สี 1.62 นิ้ว ติดตามสุขภาพและกิจกรรมประจำวันอย่างแม่นยำ</li>
	<li><strong>คุณสมบัติหลัก:</strong>
	<ul>
		<li>หน้าจอ AMOLED สี 1.62 นิ้ว ความละเอียด 490&times;192 พิกเซล</li>
		<li>ติดตามกิจกรรม 120+ แบบ เช่น วิ่ง, ว่ายน้ำ, ปั่นจักรยาน</li>
		<li>ตรวจวัดอัตราการเต้นหัวใจแบบเรียลไทม์</li>
		<li>ตรวจวัดระดับออกซิเจนในเลือด SpO2</li>
		<li>ติดตามการนอนและความเครียด พร้อมโหมดหายใจ</li>
		<li>กันน้ำ 5 ATM สามารถใส่ว่ายน้ำได้</li>
		<li>แบตเตอรี่ใช้งานได้สูงสุด 14 วัน</li>
		<li>การเชื่อมต่อ: Bluetooth 5.3 รองรับ Android 7.0+ และ iOS 12.0+</li>
	</ul>
	</li>
	<li><strong>สิ่งที่อยู่ในกล่อง:</strong>
	<ul>
		<li>Mi Smart Band 8 หนึ่งเครื่อง</li>
		<li>สายรัดข้อมือ</li>
		<li>สายชาร์จแม่เหล็ก</li>
		<li>คู่มือการใช้งาน</li>
	</ul>
	</li>
	<li><strong>การรับประกัน:</strong> รับประกันสินค้า 1 ปี จาก Xiaomi Thailand</li>
	<li><strong>คำแนะนำการใช้งาน:</strong> ชาร์จด้วยสายชาร์จของแท้และอัปเดตแอป Mi Fitness เพื่อการติดตามที่แม่นยำ</li>
</ul>');
INSERT INTO public.shop_product (id, name, description, price, stock, image, discount_type, discount_value, is_active, brand_id, category_id, detail) VALUES (16, 'Sony WH-1000XM5', 'หูฟังครอบหูไร้สายระดับพรีเมียม ระบบตัดเสียงรบกวนขั้นสูง (Noise Cancelling) ให้เสียงคมชัดสมจริง เบสลึกเต็มอารมณ์ สวมใส่สบายด้วยดีไซน์น้ำหนักเบา แบตเตอรี่ใช้งานได้นานถึง 30 ชั่วโมง พร้อมฟีเจอร์ชาร์จไวและเชื่อมต่อ Bluetooth เสถียร เหมาะสำหรับฟังเพลงและทำงานในทุกสถานการณ์', 13990.00, 25, 'product_images/WH-1000XM5_keyvisual_smokypink-Large_22fd4a3a-796e-4dbd-b985-76d5614ef106_600x.webp', 'PERCENT', 15.00, true, 5, 5, '<ul>
	<li><strong>ชื่อสินค้า:</strong> Sony WH-1000XM5</li>
	<li><strong>คำอธิบายสั้น:</strong> หูฟังครอบหูไร้สายระดับพรีเมียมจาก Sony มาพร้อมระบบตัดเสียงรบกวนอัจฉริยะ เสียงคุณภาพสูง และแบตเตอรี่ใช้งานได้นาน</li>
	<li><strong>คุณสมบัติหลัก:</strong>
	<ul>
		<li>หูฟังครอบหูแบบ Over-Ear น้ำหนักเบา สี Black</li>
		<li>ระบบตัดเสียงรบกวน ANC Adaptive Sound Control</li>
		<li>ไดรเวอร์ 30 มม. เสียงใส โปร่ง กำลังขับสูง</li>
		<li>รองรับ High-Resolution Audio Wireless และ LDAC</li>
		<li>แบตเตอรี่ใช้งานได้สูงสุด 30 ชั่วโมง ต่อการชาร์จหนึ่งครั้ง</li>
		<li>ชาร์จเร็ว 10 นาที ใช้งานได้ประมาณ 5 ชั่วโมง</li>
		<li>ไมโครโฟนคู่สำหรับโทรศัพท์และสั่งงานด้วยเสียง</li>
		<li>การเชื่อมต่อ: Bluetooth 5.2, USB-C</li>
	</ul>
	</li>
	<li><strong>สิ่งที่อยู่ในกล่อง:</strong>
	<ul>
		<li>Sony WH-1000XM5 หนึ่งเครื่อง</li>
		<li>สาย USB-C สำหรับชาร์จ</li>
		<li>สายเสียง 3.5 มม.</li>
		<li>กระเป๋าใส่หูฟังแบบพกพา</li>
		<li>คู่มือการใช้งาน</li>
	</ul>
	</li>
	<li><strong>การรับประกัน:</strong> รับประกันสินค้า 1 ปี จาก Sony Thailand</li>
	<li><strong>คำแนะนำการใช้งาน:</strong> ชาร์จด้วยสาย USB-C ของแท้ และอัปเดตซอฟต์แวร์ผ่านแอป Sony Headphones Connect เพื่อประสิทธิภาพสูงสุด</li>
</ul>');
INSERT INTO public.shop_product (id, name, description, price, stock, image, discount_type, discount_value, is_active, brand_id, category_id, detail) VALUES (15, 'Sony WF-1000XM5', 'หูฟังไร้สายระดับพรีเมียม มาพร้อมระบบตัดเสียงรบกวนอัจฉริยะ (Noise Cancelling) คุณภาพสูง เสียงคมชัด เบสลึก ควบคุมง่ายผ่านระบบสัมผัส ดีไซน์เล็กกระทัดรัด สวมใส่สบายตลอดวัน แบตเตอรี่ใช้งานได้นาน พร้อมเคสชาร์จที่ชาร์จไว', 9990.00, 30, 'product_images/HDPH-SN1-WF1000XM5B_6_241102_145849.jpeg', 'FIXED', 500.00, true, 5, 5, '<ul>
	<li><strong>ชื่อสินค้า:</strong> Sony WF-1000XM5</li>
	<li><strong>คำอธิบายสั้น:</strong> หูฟัง True Wireless ระดับพรีเมียมจาก Sony มาพร้อมระบบตัดเสียงรบกวน ANC แบบ Adaptive เสียงคมชัด และแบตเตอรี่ใช้งานได้นาน</li>
	<li><strong>คุณสมบัติหลัก:</strong>
	<ul>
		<li>หูฟังแบบ In-Ear น้ำหนักเบา สี Black</li>
		<li>ระบบตัดเสียงรบกวน ANC Adaptive Sound Control</li>
		<li>ไดรเวอร์ 6 มม. พร้อมเทคโนโลยี V1 Processor</li>
		<li>รองรับ High-Resolution Audio Wireless และ DSEE Extreme</li>
		<li>แบตเตอรี่ใช้งานได้สูงสุด 8 ชั่วโมง ต่อการชาร์จหนึ่งครั้ง</li>
		<li>ชาร์จพร้อมเคสเพิ่มได้รวมสูงสุด 24 ชั่วโมง</li>
		<li>กันน้ำระดับ IPX4</li>
		<li>ไมโครโฟน 2 ตัวสำหรับโทรศัพท์และสั่งงานด้วยเสียง</li>
		<li>การเชื่อมต่อ: Bluetooth 5.3, USB-C</li>
	</ul>
	</li>
	<li><strong>สิ่งที่อยู่ในกล่อง:</strong>
	<ul>
		<li>Sony WF-1000XM5 หนึ่งชุด</li>
		<li>เคสชาร์จ</li>
		<li>จุกหูฟังซิลิโคนหลายขนาด</li>
		<li>สาย USB-C สำหรับชาร์จ</li>
		<li>คู่มือการใช้งาน</li>
	</ul>
	</li>
	<li><strong>การรับประกัน:</strong> รับประกันสินค้า 1 ปี จาก Sony Thailand</li>
	<li><strong>คำแนะนำการใช้งาน:</strong> ชาร์จด้วยสาย USB-C ของแท้ และอัปเดตซอฟต์แวร์ผ่านแอป Sony Headphones Connect เพื่อประสิทธิภาพสูงสุด</li>
</ul>');
INSERT INTO public.shop_product (id, name, description, price, stock, image, discount_type, discount_value, is_active, brand_id, category_id, detail) VALUES (11, 'Galaxy Tab S9', 'แท็บเล็ตเรือธงจาก Samsung มาพร้อมจอ Dynamic AMOLED 2X ขนาด 11 นิ้ว สีสันสดใส คมชัดสุด ๆ ชิป Snapdragon 8 Gen 2 ประมวลผลแรง รองรับ S Pen สำหรับงานเขียนและวาดภาพได้อย่างลื่นไหล แบตเตอรี่ใช้งานได้ยาวนาน เหมาะทั้งงานสร้างสรรค์และความบันเทิงเต็มรูปแบบ', 29900.00, 10, 'product_images/Samsung-Galaxy-Tab-S9-Graphite.jpg', 'PERCENT', 8.00, true, 2, 3, '<ul>
	<li><strong>ชื่อสินค้า:</strong> Samsung Galaxy Tab S9</li>
	<li><strong>คำอธิบายสั้น:</strong> แท็บเล็ตเรือธงจาก Samsung มาพร้อมชิป Snapdragon 8 Gen 3 หน้าจอ AMOLED 11 นิ้ว และรองรับ S Pen ในตัว เหมาะทั้งทำงานและความบันเทิง</li>
	<li><strong>คุณสมบัติหลัก:</strong>
	<ul>
		<li>กรอบเครื่องทำจากอะลูมิเนียม สี Graphite</li>
		<li>หน้าจอ AMOLED 11 นิ้ว ความละเอียด 2560&times;1600 รีเฟรชเรต 120 Hz</li>
		<li>ชิป Snapdragon 8 Gen 3</li>
		<li>กล้องหลัง 13 MP พร้อมกล้อง Ultra Wide 6 MP</li>
		<li>กล้องหน้า 12 MP Ultra Wide พร้อมฟีเจอร์ Center Stage</li>
		<li>รองรับ S Pen ในตัว พร้อมความหน่วงต่ำ 2.8 ms</li>
		<li>แบตเตอรี่ใช้งานได้สูงสุด 12 ชั่วโมง</li>
	</ul>
	</li>
	<li><strong>สเป็ค (ย่อ):</strong>
	<ul>
		<li>ขนาด: 253.8 &times; 165.4 &times; 6.3 มม.</li>
		<li>น้ำหนัก: 503 กรัม</li>
		<li>สี: Graphite</li>
		<li>หน่วยความจำ: RAM 12 GB / ROM 256 GB</li>
		<li>ระบบปฏิบัติการ: Android 14 พร้อม One UI 6.1</li>
		<li>การเชื่อมต่อ: Wi-Fi 6E, Bluetooth 5.3, USB-C 3.2</li>
		<li>มาตรฐานกันน้ำกันฝุ่น: IP68</li>
	</ul>
	</li>
	<li><strong>สิ่งที่อยู่ในกล่อง:</strong>
	<ul>
		<li>Samsung Galaxy Tab S9 หนึ่งเครื่อง</li>
		<li>S Pen</li>
		<li>สาย USB-C</li>
		<li>คู่มือการใช้งานและเอกสารรับประกัน</li>
	</ul>
	</li>
	<li><strong>การรับประกัน:</strong> รับประกันสินค้า 1 ปี จาก Samsung Thailand</li>
	<li><strong>คำแนะนำการใช้งาน:</strong> ใช้อแดปเตอร์ชาร์จของแท้และอัปเดต One UI เป็นเวอร์ชันล่าสุดเพื่อความเสถียรและประสิทธิภาพสูงสุด</li>
</ul>');
INSERT INTO public.shop_product (id, name, description, price, stock, image, discount_type, discount_value, is_active, brand_id, category_id, detail) VALUES (8, 'Dell XPS 13', 'โน้ตบุ๊กระดับพรีเมียม ดีไซน์บางเฉียบ วัสดุอลูมิเนียมสุดหรู มาพร้อมหน้าจอขอบบาง InfinityEdge ให้ภาพสวยคมชัดเต็มตา ขับเคลื่อนด้วยชิป Intel Core เจนล่าสุด ประสิทธิภาพสูง ใช้งานลื่นไหลทั้งงานและความบันเทิง แบตเตอรี่อึด พกพาสะดวก เหมาะสำหรับมืออาชีพที่ต้องการความลงตัวระหว่างดีไซน์และพลัง', 45900.00, 2, 'product_images/13466-2.webp', 'PERCENT', 10.00, true, 7, 2, '<ul>
	<li><strong>ชื่อสินค้า:</strong> Dell XPS 13</li>
	<li><strong>คำอธิบายสั้น:</strong> โน้ตบุ๊กบางเบาระดับพรีเมียมจาก Dell มาพร้อมหน้าจอ InfinityEdge 13.4 นิ้ว ความละเอียด FHD+ และประสิทธิภาพสูงสำหรับงานมืออาชีพ</li>
	<li><strong>คุณสมบัติหลัก:</strong>
	<ul>
		<li>กรอบเครื่องทำจากอะลูมิเนียม CNC สี Platinum Silver</li>
		<li>หน้าจอ 13.4 นิ้ว InfinityEdge ความละเอียด FHD+ (1920&times;1200) รีเฟรชเรต 60 Hz</li>
		<li>ชิปประมวลผล Intel Core i7-1360P</li>
		<li>กราฟิก Intel Iris Xe</li>
		<li>คีย์บอร์ด Backlit แบบเต็มขนาด</li>
		<li>แบตเตอรี่ใช้งานได้สูงสุด 12 ชั่วโมง</li>
		<li>ลำโพงสเตอริโอพร้อม Waves MaxxAudio Pro</li>
	</ul>
	</li>
	<li><strong>สเป็ค (ย่อ):</strong>
	<ul>
		<li>ขนาด: 295 &times; 199 &times; 14.8 มม.</li>
		<li>น้ำหนัก: 1.2 กก.</li>
		<li>หน่วยความจำ: RAM 16 GB</li>
		<li>ที่เก็บข้อมูล: SSD 512 GB</li>
		<li>ระบบปฏิบัติการ: Windows 11 Home</li>
		<li>กล้อง: HD 720p Webcam พร้อม IR Camera</li>
		<li>พอร์ตเชื่อมต่อ: 2x Thunderbolt 4 (USB-C), 1x Headphone Jack</li>
		<li>การเชื่อมต่อ: Wi-Fi 6E, Bluetooth 5.2</li>
	</ul>
	</li>
	<li><strong>สิ่งที่อยู่ในกล่อง:</strong>
	<ul>
		<li>Dell XPS 13 หนึ่งเครื่อง</li>
		<li>อะแดปเตอร์ชาร์จ 45 W USB-C</li>
		<li>สาย USB-C</li>
		<li>คู่มือการใช้งานและเอกสารรับประกัน</li>
	</ul>
	</li>
	<li><strong>การรับประกัน:</strong> รับประกันศูนย์ Dell 1 ปี</li>
	<li><strong>คำแนะนำการใช้งาน:</strong> ใช้อะแดปเตอร์ชาร์จของแท้และอัปเดต BIOS และไดรเวอร์ผ่าน Dell SupportAssist เพื่อประสิทธิภาพสูงสุด</li>
</ul>');
INSERT INTO public.shop_product (id, name, description, price, stock, image, discount_type, discount_value, is_active, brand_id, category_id, detail) VALUES (20, 'Lenovo Keyboard', 'คีย์บอร์ดคุณภาพสูง ดีไซน์เรียบง่าย ทนทาน รองรับการพิมพ์ได้อย่างแม่นยำและรวดเร็ว เชื่อมต่อได้ทั้งแบบมีสายและไร้สาย เหมาะสำหรับงานสำนักงานและการใช้งานทั่วไป เพิ่มประสิทธิภาพการทำงานด้วยความสะดวกสบายในการพิมพ์', 690.00, 55, 'product_images/26897309786_00_202412200312191735728572662.webp', 'NONE', 0.00, true, 4, 4, '<ul>
	<li><strong>ชื่อสินค้า:</strong> Lenovo Keyboard</li>
	<li><strong>คำอธิบายสั้น:</strong> คีย์บอร์ดมาตรฐานจาก Lenovo ดีไซน์บาง เบา และทนทาน เหมาะสำหรับใช้งานทั่วไปทั้งพิมพ์งานและคอมพิวเตอร์สำนักงาน</li>
	<li><strong>คุณสมบัติหลัก:</strong>
	<ul>
		<li>ดีไซน์มาตรฐาน Full-size สีดำ</li>
		<li>ปุ่มกดแบบ Quiet Keys ลดเสียงรบกวน</li>
		<li>เชื่อมต่อด้วย USB หรือ Bluetooth (ขึ้นอยู่กับรุ่น)</li>
		<li>รองรับ Windows 10 ขึ้นไป</li>
		<li>วัสดุแข็งแรง ทนต่อการกดหลายล้านครั้ง</li>
		<li>น้ำหนักเบา 450 กรัม</li>
		<li>ปุ่มลัดสื่อสารและมัลติมีเดียครบถ้วน</li>
	</ul>
	</li>
	<li><strong>สิ่งที่อยู่ในกล่อง:</strong>
	<ul>
		<li>Lenovo Keyboard หนึ่งเครื่อง</li>
		<li>สายเชื่อมต่อ USB (สำหรับรุ่น USB)</li>
		<li>คู่มือการใช้งาน</li>
	</ul>
	</li>
	<li><strong>การรับประกัน:</strong> รับประกันสินค้า 1 ปี จาก Lenovo Thailand</li>
	<li><strong>คำแนะนำการใช้งาน:</strong> เชื่อมต่อด้วยสายหรือ Bluetooth ของแท้ และทำความสะอาดปุ่มเป็นประจำเพื่อการใช้งานที่ยาวนาน</li>
</ul>');


--
-- TOC entry 5053 (class 0 OID 0)
-- Dependencies: 223
-- Name: auth_group_id_seq; Type: SEQUENCE SET; Schema: public; Owner: postgres
--

SELECT pg_catalog.setval('public.auth_group_id_seq', 2, true);


--
-- TOC entry 5054 (class 0 OID 0)
-- Dependencies: 225
-- Name: auth_group_permissions_id_seq; Type: SEQUENCE SET; Schema: public; Owner: postgres
--

SELECT pg_catalog.setval('public.auth_group_permissions_id_seq', 55, true);


--
-- TOC entry 5055 (class 0 OID 0)
-- Dependencies: 221
-- Name: auth_permission_id_seq; Type: SEQUENCE SET; Schema: public; Owner: postgres
--

SELECT pg_catalog.setval('public.auth_permission_id_seq', 64, true);


--
-- TOC entry 5056 (class 0 OID 0)
-- Dependencies: 229
-- Name: auth_user_groups_id_seq; Type: SEQUENCE SET; Schema: public; Owner: postgres
--

SELECT pg_catalog.setval('public.auth_user_groups_id_seq', 12, true);


--
-- TOC entry 5057 (class 0 OID 0)
-- Dependencies: 227
-- Name: auth_user_id_seq; Type: SEQUENCE SET; Schema: public; Owner: postgres
--

SELECT pg_catalog.setval('public.auth_user_id_seq', 10, true);


--
-- TOC entry 5058 (class 0 OID 0)
-- Dependencies: 231
-- Name: auth_user_user_permissions_id_seq; Type: SEQUENCE SET; Schema: public; Owner: postgres
--

SELECT pg_catalog.setval('public.auth_user_user_permissions_id_seq', 1, false);


--
-- TOC entry 5059 (class 0 OID 0)
-- Dependencies: 233
-- Name: django_admin_log_id_seq; Type: SEQUENCE SET; Schema: public; Owner: postgres
--

SELECT pg_catalog.setval('public.django_admin_log_id_seq', 13, true);


--
-- TOC entry 5060 (class 0 OID 0)
-- Dependencies: 219
-- Name: django_content_type_id_seq; Type: SEQUENCE SET; Schema: public; Owner: postgres
--

SELECT pg_catalog.setval('public.django_content_type_id_seq', 16, true);


--
-- TOC entry 5061 (class 0 OID 0)
-- Dependencies: 217
-- Name: django_migrations_id_seq; Type: SEQUENCE SET; Schema: public; Owner: postgres
--

SELECT pg_catalog.setval('public.django_migrations_id_seq', 24, true);


--
-- TOC entry 5062 (class 0 OID 0)
-- Dependencies: 244
-- Name: shop_address_id_seq; Type: SEQUENCE SET; Schema: public; Owner: postgres
--

SELECT pg_catalog.setval('public.shop_address_id_seq', 7, true);


--
-- TOC entry 5063 (class 0 OID 0)
-- Dependencies: 236
-- Name: shop_brand_id_seq; Type: SEQUENCE SET; Schema: public; Owner: postgres
--

SELECT pg_catalog.setval('public.shop_brand_id_seq', 8, true);


--
-- TOC entry 5064 (class 0 OID 0)
-- Dependencies: 256
-- Name: shop_cartitem_id_seq; Type: SEQUENCE SET; Schema: public; Owner: postgres
--

SELECT pg_catalog.setval('public.shop_cartitem_id_seq', 11, true);


--
-- TOC entry 5065 (class 0 OID 0)
-- Dependencies: 238
-- Name: shop_category_id_seq; Type: SEQUENCE SET; Schema: public; Owner: postgres
--

SELECT pg_catalog.setval('public.shop_category_id_seq', 7, true);


--
-- TOC entry 5066 (class 0 OID 0)
-- Dependencies: 242
-- Name: shop_customer_id_seq; Type: SEQUENCE SET; Schema: public; Owner: postgres
--

SELECT pg_catalog.setval('public.shop_customer_id_seq', 7, true);


--
-- TOC entry 5067 (class 0 OID 0)
-- Dependencies: 254
-- Name: shop_customer_wishlist_id_seq; Type: SEQUENCE SET; Schema: public; Owner: postgres
--

SELECT pg_catalog.setval('public.shop_customer_wishlist_id_seq', 6, true);


--
-- TOC entry 5068 (class 0 OID 0)
-- Dependencies: 240
-- Name: shop_discountcode_id_seq; Type: SEQUENCE SET; Schema: public; Owner: postgres
--

SELECT pg_catalog.setval('public.shop_discountcode_id_seq', 4, true);


--
-- TOC entry 5069 (class 0 OID 0)
-- Dependencies: 246
-- Name: shop_order_id_seq; Type: SEQUENCE SET; Schema: public; Owner: postgres
--

SELECT pg_catalog.setval('public.shop_order_id_seq', 7, true);


--
-- TOC entry 5070 (class 0 OID 0)
-- Dependencies: 252
-- Name: shop_orderitem_id_seq; Type: SEQUENCE SET; Schema: public; Owner: postgres
--

SELECT pg_catalog.setval('public.shop_orderitem_id_seq', 9, true);


--
-- TOC entry 5071 (class 0 OID 0)
-- Dependencies: 248
-- Name: shop_payment_id_seq; Type: SEQUENCE SET; Schema: public; Owner: postgres
--

SELECT pg_catalog.setval('public.shop_payment_id_seq', 6, true);


--
-- TOC entry 5072 (class 0 OID 0)
-- Dependencies: 250
-- Name: shop_product_id_seq; Type: SEQUENCE SET; Schema: public; Owner: postgres
--

SELECT pg_catalog.setval('public.shop_product_id_seq', 23, true);


--
-- TOC entry 4758 (class 2606 OID 20120)
-- Name: auth_group auth_group_name_key; Type: CONSTRAINT; Schema: public; Owner: postgres
--

ALTER TABLE ONLY public.auth_group
    ADD CONSTRAINT auth_group_name_key UNIQUE (name);


--
-- TOC entry 4763 (class 2606 OID 20051)
-- Name: auth_group_permissions auth_group_permissions_group_id_permission_id_0cd325b0_uniq; Type: CONSTRAINT; Schema: public; Owner: postgres
--

ALTER TABLE ONLY public.auth_group_permissions
    ADD CONSTRAINT auth_group_permissions_group_id_permission_id_0cd325b0_uniq UNIQUE (group_id, permission_id);


--
-- TOC entry 4766 (class 2606 OID 20020)
-- Name: auth_group_permissions auth_group_permissions_pkey; Type: CONSTRAINT; Schema: public; Owner: postgres
--

ALTER TABLE ONLY public.auth_group_permissions
    ADD CONSTRAINT auth_group_permissions_pkey PRIMARY KEY (id);


--
-- TOC entry 4760 (class 2606 OID 20012)
-- Name: auth_group auth_group_pkey; Type: CONSTRAINT; Schema: public; Owner: postgres
--

ALTER TABLE ONLY public.auth_group
    ADD CONSTRAINT auth_group_pkey PRIMARY KEY (id);


--
-- TOC entry 4753 (class 2606 OID 20042)
-- Name: auth_permission auth_permission_content_type_id_codename_01ab375a_uniq; Type: CONSTRAINT; Schema: public; Owner: postgres
--

ALTER TABLE ONLY public.auth_permission
    ADD CONSTRAINT auth_permission_content_type_id_codename_01ab375a_uniq UNIQUE (content_type_id, codename);


--
-- TOC entry 4755 (class 2606 OID 20006)
-- Name: auth_permission auth_permission_pkey; Type: CONSTRAINT; Schema: public; Owner: postgres
--

ALTER TABLE ONLY public.auth_permission
    ADD CONSTRAINT auth_permission_pkey PRIMARY KEY (id);


--
-- TOC entry 4774 (class 2606 OID 20034)
-- Name: auth_user_groups auth_user_groups_pkey; Type: CONSTRAINT; Schema: public; Owner: postgres
--

ALTER TABLE ONLY public.auth_user_groups
    ADD CONSTRAINT auth_user_groups_pkey PRIMARY KEY (id);


--
-- TOC entry 4777 (class 2606 OID 20066)
-- Name: auth_user_groups auth_user_groups_user_id_group_id_94350c0c_uniq; Type: CONSTRAINT; Schema: public; Owner: postgres
--

ALTER TABLE ONLY public.auth_user_groups
    ADD CONSTRAINT auth_user_groups_user_id_group_id_94350c0c_uniq UNIQUE (user_id, group_id);


--
-- TOC entry 4768 (class 2606 OID 20026)
-- Name: auth_user auth_user_pkey; Type: CONSTRAINT; Schema: public; Owner: postgres
--

ALTER TABLE ONLY public.auth_user
    ADD CONSTRAINT auth_user_pkey PRIMARY KEY (id);


--
-- TOC entry 4780 (class 2606 OID 20040)
-- Name: auth_user_user_permissions auth_user_user_permissions_pkey; Type: CONSTRAINT; Schema: public; Owner: postgres
--

ALTER TABLE ONLY public.auth_user_user_permissions
    ADD CONSTRAINT auth_user_user_permissions_pkey PRIMARY KEY (id);


--
-- TOC entry 4783 (class 2606 OID 20080)
-- Name: auth_user_user_permissions auth_user_user_permissions_user_id_permission_id_14a6b632_uniq; Type: CONSTRAINT; Schema: public; Owner: postgres
--

ALTER TABLE ONLY public.auth_user_user_permissions
    ADD CONSTRAINT auth_user_user_permissions_user_id_permission_id_14a6b632_uniq UNIQUE (user_id, permission_id);


--
-- TOC entry 4771 (class 2606 OID 20115)
-- Name: auth_user auth_user_username_key; Type: CONSTRAINT; Schema: public; Owner: postgres
--

ALTER TABLE ONLY public.auth_user
    ADD CONSTRAINT auth_user_username_key UNIQUE (username);


--
-- TOC entry 4786 (class 2606 OID 20101)
-- Name: django_admin_log django_admin_log_pkey; Type: CONSTRAINT; Schema: public; Owner: postgres
--

ALTER TABLE ONLY public.django_admin_log
    ADD CONSTRAINT django_admin_log_pkey PRIMARY KEY (id);


--
-- TOC entry 4748 (class 2606 OID 20000)
-- Name: django_content_type django_content_type_app_label_model_76bd3d3b_uniq; Type: CONSTRAINT; Schema: public; Owner: postgres
--

ALTER TABLE ONLY public.django_content_type
    ADD CONSTRAINT django_content_type_app_label_model_76bd3d3b_uniq UNIQUE (app_label, model);


--
-- TOC entry 4750 (class 2606 OID 19998)
-- Name: django_content_type django_content_type_pkey; Type: CONSTRAINT; Schema: public; Owner: postgres
--

ALTER TABLE ONLY public.django_content_type
    ADD CONSTRAINT django_content_type_pkey PRIMARY KEY (id);


--
-- TOC entry 4746 (class 2606 OID 19992)
-- Name: django_migrations django_migrations_pkey; Type: CONSTRAINT; Schema: public; Owner: postgres
--

ALTER TABLE ONLY public.django_migrations
    ADD CONSTRAINT django_migrations_pkey PRIMARY KEY (id);


--
-- TOC entry 4790 (class 2606 OID 20128)
-- Name: django_session django_session_pkey; Type: CONSTRAINT; Schema: public; Owner: postgres
--

ALTER TABLE ONLY public.django_session
    ADD CONSTRAINT django_session_pkey PRIMARY KEY (session_key);


--
-- TOC entry 4813 (class 2606 OID 20169)
-- Name: shop_address shop_address_pkey; Type: CONSTRAINT; Schema: public; Owner: postgres
--

ALTER TABLE ONLY public.shop_address
    ADD CONSTRAINT shop_address_pkey PRIMARY KEY (id);


--
-- TOC entry 4794 (class 2606 OID 20298)
-- Name: shop_brand shop_brand_name_048a0bbd_uniq; Type: CONSTRAINT; Schema: public; Owner: postgres
--

ALTER TABLE ONLY public.shop_brand
    ADD CONSTRAINT shop_brand_name_048a0bbd_uniq UNIQUE (name);


--
-- TOC entry 4796 (class 2606 OID 20138)
-- Name: shop_brand shop_brand_pkey; Type: CONSTRAINT; Schema: public; Owner: postgres
--

ALTER TABLE ONLY public.shop_brand
    ADD CONSTRAINT shop_brand_pkey PRIMARY KEY (id);


--
-- TOC entry 4838 (class 2606 OID 20222)
-- Name: shop_cartitem shop_cartitem_pkey; Type: CONSTRAINT; Schema: public; Owner: postgres
--

ALTER TABLE ONLY public.shop_cartitem
    ADD CONSTRAINT shop_cartitem_pkey PRIMARY KEY (id);


--
-- TOC entry 4799 (class 2606 OID 20301)
-- Name: shop_category shop_category_name_11b68823_uniq; Type: CONSTRAINT; Schema: public; Owner: postgres
--

ALTER TABLE ONLY public.shop_category
    ADD CONSTRAINT shop_category_name_11b68823_uniq UNIQUE (name);


--
-- TOC entry 4801 (class 2606 OID 20146)
-- Name: shop_category shop_category_pkey; Type: CONSTRAINT; Schema: public; Owner: postgres
--

ALTER TABLE ONLY public.shop_category
    ADD CONSTRAINT shop_category_pkey PRIMARY KEY (id);


--
-- TOC entry 4808 (class 2606 OID 20159)
-- Name: shop_customer shop_customer_pkey; Type: CONSTRAINT; Schema: public; Owner: postgres
--

ALTER TABLE ONLY public.shop_customer
    ADD CONSTRAINT shop_customer_pkey PRIMARY KEY (id);


--
-- TOC entry 4810 (class 2606 OID 20161)
-- Name: shop_customer shop_customer_user_id_key; Type: CONSTRAINT; Schema: public; Owner: postgres
--

ALTER TABLE ONLY public.shop_customer
    ADD CONSTRAINT shop_customer_user_id_key UNIQUE (user_id);


--
-- TOC entry 4832 (class 2606 OID 20272)
-- Name: shop_customer_wishlist shop_customer_wishlist_customer_id_product_id_de9a64ed_uniq; Type: CONSTRAINT; Schema: public; Owner: postgres
--

ALTER TABLE ONLY public.shop_customer_wishlist
    ADD CONSTRAINT shop_customer_wishlist_customer_id_product_id_de9a64ed_uniq UNIQUE (customer_id, product_id);


--
-- TOC entry 4834 (class 2606 OID 20215)
-- Name: shop_customer_wishlist shop_customer_wishlist_pkey; Type: CONSTRAINT; Schema: public; Owner: postgres
--

ALTER TABLE ONLY public.shop_customer_wishlist
    ADD CONSTRAINT shop_customer_wishlist_pkey PRIMARY KEY (id);


--
-- TOC entry 4804 (class 2606 OID 20304)
-- Name: shop_discountcode shop_discountcode_code_07289425_uniq; Type: CONSTRAINT; Schema: public; Owner: postgres
--

ALTER TABLE ONLY public.shop_discountcode
    ADD CONSTRAINT shop_discountcode_code_07289425_uniq UNIQUE (code);


--
-- TOC entry 4806 (class 2606 OID 20153)
-- Name: shop_discountcode shop_discountcode_pkey; Type: CONSTRAINT; Schema: public; Owner: postgres
--

ALTER TABLE ONLY public.shop_discountcode
    ADD CONSTRAINT shop_discountcode_pkey PRIMARY KEY (id);


--
-- TOC entry 4817 (class 2606 OID 20177)
-- Name: shop_order shop_order_pkey; Type: CONSTRAINT; Schema: public; Owner: postgres
--

ALTER TABLE ONLY public.shop_order
    ADD CONSTRAINT shop_order_pkey PRIMARY KEY (id);


--
-- TOC entry 4828 (class 2606 OID 20205)
-- Name: shop_orderitem shop_orderitem_pkey; Type: CONSTRAINT; Schema: public; Owner: postgres
--

ALTER TABLE ONLY public.shop_orderitem
    ADD CONSTRAINT shop_orderitem_pkey PRIMARY KEY (id);


--
-- TOC entry 4819 (class 2606 OID 20189)
-- Name: shop_payment shop_payment_order_id_key; Type: CONSTRAINT; Schema: public; Owner: postgres
--

ALTER TABLE ONLY public.shop_payment
    ADD CONSTRAINT shop_payment_order_id_key UNIQUE (order_id);


--
-- TOC entry 4821 (class 2606 OID 20187)
-- Name: shop_payment shop_payment_pkey; Type: CONSTRAINT; Schema: public; Owner: postgres
--

ALTER TABLE ONLY public.shop_payment
    ADD CONSTRAINT shop_payment_pkey PRIMARY KEY (id);


--
-- TOC entry 4825 (class 2606 OID 20198)
-- Name: shop_product shop_product_pkey; Type: CONSTRAINT; Schema: public; Owner: postgres
--

ALTER TABLE ONLY public.shop_product
    ADD CONSTRAINT shop_product_pkey PRIMARY KEY (id);


--
-- TOC entry 4756 (class 1259 OID 20121)
-- Name: auth_group_name_a6ea08ec_like; Type: INDEX; Schema: public; Owner: postgres
--

CREATE INDEX auth_group_name_a6ea08ec_like ON public.auth_group USING btree (name varchar_pattern_ops);


--
-- TOC entry 4761 (class 1259 OID 20062)
-- Name: auth_group_permissions_group_id_b120cbf9; Type: INDEX; Schema: public; Owner: postgres
--

CREATE INDEX auth_group_permissions_group_id_b120cbf9 ON public.auth_group_permissions USING btree (group_id);


--
-- TOC entry 4764 (class 1259 OID 20063)
-- Name: auth_group_permissions_permission_id_84c5c92e; Type: INDEX; Schema: public; Owner: postgres
--

CREATE INDEX auth_group_permissions_permission_id_84c5c92e ON public.auth_group_permissions USING btree (permission_id);


--
-- TOC entry 4751 (class 1259 OID 20048)
-- Name: auth_permission_content_type_id_2f476e4b; Type: INDEX; Schema: public; Owner: postgres
--

CREATE INDEX auth_permission_content_type_id_2f476e4b ON public.auth_permission USING btree (content_type_id);


--
-- TOC entry 4772 (class 1259 OID 20078)
-- Name: auth_user_groups_group_id_97559544; Type: INDEX; Schema: public; Owner: postgres
--

CREATE INDEX auth_user_groups_group_id_97559544 ON public.auth_user_groups USING btree (group_id);


--
-- TOC entry 4775 (class 1259 OID 20077)
-- Name: auth_user_groups_user_id_6a12ed8b; Type: INDEX; Schema: public; Owner: postgres
--

CREATE INDEX auth_user_groups_user_id_6a12ed8b ON public.auth_user_groups USING btree (user_id);


--
-- TOC entry 4778 (class 1259 OID 20092)
-- Name: auth_user_user_permissions_permission_id_1fbb5f2c; Type: INDEX; Schema: public; Owner: postgres
--

CREATE INDEX auth_user_user_permissions_permission_id_1fbb5f2c ON public.auth_user_user_permissions USING btree (permission_id);


--
-- TOC entry 4781 (class 1259 OID 20091)
-- Name: auth_user_user_permissions_user_id_a95ead1b; Type: INDEX; Schema: public; Owner: postgres
--

CREATE INDEX auth_user_user_permissions_user_id_a95ead1b ON public.auth_user_user_permissions USING btree (user_id);


--
-- TOC entry 4769 (class 1259 OID 20116)
-- Name: auth_user_username_6821ab7c_like; Type: INDEX; Schema: public; Owner: postgres
--

CREATE INDEX auth_user_username_6821ab7c_like ON public.auth_user USING btree (username varchar_pattern_ops);


--
-- TOC entry 4784 (class 1259 OID 20112)
-- Name: django_admin_log_content_type_id_c4bce8eb; Type: INDEX; Schema: public; Owner: postgres
--

CREATE INDEX django_admin_log_content_type_id_c4bce8eb ON public.django_admin_log USING btree (content_type_id);


--
-- TOC entry 4787 (class 1259 OID 20113)
-- Name: django_admin_log_user_id_c564eba6; Type: INDEX; Schema: public; Owner: postgres
--

CREATE INDEX django_admin_log_user_id_c564eba6 ON public.django_admin_log USING btree (user_id);


--
-- TOC entry 4788 (class 1259 OID 20130)
-- Name: django_session_expire_date_a5c62663; Type: INDEX; Schema: public; Owner: postgres
--

CREATE INDEX django_session_expire_date_a5c62663 ON public.django_session USING btree (expire_date);


--
-- TOC entry 4791 (class 1259 OID 20129)
-- Name: django_session_session_key_c0390e0f_like; Type: INDEX; Schema: public; Owner: postgres
--

CREATE INDEX django_session_session_key_c0390e0f_like ON public.django_session USING btree (session_key varchar_pattern_ops);


--
-- TOC entry 4811 (class 1259 OID 20233)
-- Name: shop_address_customer_id_be2a0f4c; Type: INDEX; Schema: public; Owner: postgres
--

CREATE INDEX shop_address_customer_id_be2a0f4c ON public.shop_address USING btree (customer_id);


--
-- TOC entry 4792 (class 1259 OID 20299)
-- Name: shop_brand_name_048a0bbd_like; Type: INDEX; Schema: public; Owner: postgres
--

CREATE INDEX shop_brand_name_048a0bbd_like ON public.shop_brand USING btree (name varchar_pattern_ops);


--
-- TOC entry 4836 (class 1259 OID 20295)
-- Name: shop_cartitem_customer_id_24d35b70; Type: INDEX; Schema: public; Owner: postgres
--

CREATE INDEX shop_cartitem_customer_id_24d35b70 ON public.shop_cartitem USING btree (customer_id);


--
-- TOC entry 4839 (class 1259 OID 20296)
-- Name: shop_cartitem_product_id_09e4b7dd; Type: INDEX; Schema: public; Owner: postgres
--

CREATE INDEX shop_cartitem_product_id_09e4b7dd ON public.shop_cartitem USING btree (product_id);


--
-- TOC entry 4797 (class 1259 OID 20302)
-- Name: shop_category_name_11b68823_like; Type: INDEX; Schema: public; Owner: postgres
--

CREATE INDEX shop_category_name_11b68823_like ON public.shop_category USING btree (name varchar_pattern_ops);


--
-- TOC entry 4830 (class 1259 OID 20283)
-- Name: shop_customer_wishlist_customer_id_d22d4bbd; Type: INDEX; Schema: public; Owner: postgres
--

CREATE INDEX shop_customer_wishlist_customer_id_d22d4bbd ON public.shop_customer_wishlist USING btree (customer_id);


--
-- TOC entry 4835 (class 1259 OID 20284)
-- Name: shop_customer_wishlist_product_id_69c0fec6; Type: INDEX; Schema: public; Owner: postgres
--

CREATE INDEX shop_customer_wishlist_product_id_69c0fec6 ON public.shop_customer_wishlist USING btree (product_id);


--
-- TOC entry 4802 (class 1259 OID 20305)
-- Name: shop_discountcode_code_07289425_like; Type: INDEX; Schema: public; Owner: postgres
--

CREATE INDEX shop_discountcode_code_07289425_like ON public.shop_discountcode USING btree (code varchar_pattern_ops);


--
-- TOC entry 4814 (class 1259 OID 20321)
-- Name: shop_order_cutomer_id_b9b7972f; Type: INDEX; Schema: public; Owner: postgres
--

CREATE INDEX shop_order_cutomer_id_b9b7972f ON public.shop_order USING btree (customer_id);


--
-- TOC entry 4815 (class 1259 OID 20327)
-- Name: shop_order_dicount_code_id_9a51810f; Type: INDEX; Schema: public; Owner: postgres
--

CREATE INDEX shop_order_dicount_code_id_9a51810f ON public.shop_order USING btree (discount_code_id);


--
-- TOC entry 4826 (class 1259 OID 20333)
-- Name: shop_orderitem_order_id_2f1b00cf; Type: INDEX; Schema: public; Owner: postgres
--

CREATE INDEX shop_orderitem_order_id_2f1b00cf ON public.shop_orderitem USING btree (order_id);


--
-- TOC entry 4829 (class 1259 OID 20339)
-- Name: shop_orderitem_product_id_48153f22; Type: INDEX; Schema: public; Owner: postgres
--

CREATE INDEX shop_orderitem_product_id_48153f22 ON public.shop_orderitem USING btree (product_id);


--
-- TOC entry 4822 (class 1259 OID 20259)
-- Name: shop_product_brand_id_505fec11; Type: INDEX; Schema: public; Owner: postgres
--

CREATE INDEX shop_product_brand_id_505fec11 ON public.shop_product USING btree (brand_id);


--
-- TOC entry 4823 (class 1259 OID 20260)
-- Name: shop_product_category_id_14d7eea8; Type: INDEX; Schema: public; Owner: postgres
--

CREATE INDEX shop_product_category_id_14d7eea8 ON public.shop_product USING btree (category_id);


--
-- TOC entry 4841 (class 2606 OID 20057)
-- Name: auth_group_permissions auth_group_permissio_permission_id_84c5c92e_fk_auth_perm; Type: FK CONSTRAINT; Schema: public; Owner: postgres
--

ALTER TABLE ONLY public.auth_group_permissions
    ADD CONSTRAINT auth_group_permissio_permission_id_84c5c92e_fk_auth_perm FOREIGN KEY (permission_id) REFERENCES public.auth_permission(id) DEFERRABLE INITIALLY DEFERRED;


--
-- TOC entry 4842 (class 2606 OID 20052)
-- Name: auth_group_permissions auth_group_permissions_group_id_b120cbf9_fk_auth_group_id; Type: FK CONSTRAINT; Schema: public; Owner: postgres
--

ALTER TABLE ONLY public.auth_group_permissions
    ADD CONSTRAINT auth_group_permissions_group_id_b120cbf9_fk_auth_group_id FOREIGN KEY (group_id) REFERENCES public.auth_group(id) DEFERRABLE INITIALLY DEFERRED;


--
-- TOC entry 4840 (class 2606 OID 20043)
-- Name: auth_permission auth_permission_content_type_id_2f476e4b_fk_django_co; Type: FK CONSTRAINT; Schema: public; Owner: postgres
--

ALTER TABLE ONLY public.auth_permission
    ADD CONSTRAINT auth_permission_content_type_id_2f476e4b_fk_django_co FOREIGN KEY (content_type_id) REFERENCES public.django_content_type(id) DEFERRABLE INITIALLY DEFERRED;


--
-- TOC entry 4843 (class 2606 OID 20072)
-- Name: auth_user_groups auth_user_groups_group_id_97559544_fk_auth_group_id; Type: FK CONSTRAINT; Schema: public; Owner: postgres
--

ALTER TABLE ONLY public.auth_user_groups
    ADD CONSTRAINT auth_user_groups_group_id_97559544_fk_auth_group_id FOREIGN KEY (group_id) REFERENCES public.auth_group(id) DEFERRABLE INITIALLY DEFERRED;


--
-- TOC entry 4844 (class 2606 OID 20067)
-- Name: auth_user_groups auth_user_groups_user_id_6a12ed8b_fk_auth_user_id; Type: FK CONSTRAINT; Schema: public; Owner: postgres
--

ALTER TABLE ONLY public.auth_user_groups
    ADD CONSTRAINT auth_user_groups_user_id_6a12ed8b_fk_auth_user_id FOREIGN KEY (user_id) REFERENCES public.auth_user(id) DEFERRABLE INITIALLY DEFERRED;


--
-- TOC entry 4845 (class 2606 OID 20086)
-- Name: auth_user_user_permissions auth_user_user_permi_permission_id_1fbb5f2c_fk_auth_perm; Type: FK CONSTRAINT; Schema: public; Owner: postgres
--

ALTER TABLE ONLY public.auth_user_user_permissions
    ADD CONSTRAINT auth_user_user_permi_permission_id_1fbb5f2c_fk_auth_perm FOREIGN KEY (permission_id) REFERENCES public.auth_permission(id) DEFERRABLE INITIALLY DEFERRED;


--
-- TOC entry 4846 (class 2606 OID 20081)
-- Name: auth_user_user_permissions auth_user_user_permissions_user_id_a95ead1b_fk_auth_user_id; Type: FK CONSTRAINT; Schema: public; Owner: postgres
--

ALTER TABLE ONLY public.auth_user_user_permissions
    ADD CONSTRAINT auth_user_user_permissions_user_id_a95ead1b_fk_auth_user_id FOREIGN KEY (user_id) REFERENCES public.auth_user(id) DEFERRABLE INITIALLY DEFERRED;


--
-- TOC entry 4847 (class 2606 OID 20102)
-- Name: django_admin_log django_admin_log_content_type_id_c4bce8eb_fk_django_co; Type: FK CONSTRAINT; Schema: public; Owner: postgres
--

ALTER TABLE ONLY public.django_admin_log
    ADD CONSTRAINT django_admin_log_content_type_id_c4bce8eb_fk_django_co FOREIGN KEY (content_type_id) REFERENCES public.django_content_type(id) DEFERRABLE INITIALLY DEFERRED;


--
-- TOC entry 4848 (class 2606 OID 20107)
-- Name: django_admin_log django_admin_log_user_id_c564eba6_fk_auth_user_id; Type: FK CONSTRAINT; Schema: public; Owner: postgres
--

ALTER TABLE ONLY public.django_admin_log
    ADD CONSTRAINT django_admin_log_user_id_c564eba6_fk_auth_user_id FOREIGN KEY (user_id) REFERENCES public.auth_user(id) DEFERRABLE INITIALLY DEFERRED;


--
-- TOC entry 4850 (class 2606 OID 20228)
-- Name: shop_address shop_address_customer_id_be2a0f4c_fk_shop_customer_id; Type: FK CONSTRAINT; Schema: public; Owner: postgres
--

ALTER TABLE ONLY public.shop_address
    ADD CONSTRAINT shop_address_customer_id_be2a0f4c_fk_shop_customer_id FOREIGN KEY (customer_id) REFERENCES public.shop_customer(id) DEFERRABLE INITIALLY DEFERRED;


--
-- TOC entry 4860 (class 2606 OID 20285)
-- Name: shop_cartitem shop_cartitem_customer_id_24d35b70_fk_shop_customer_id; Type: FK CONSTRAINT; Schema: public; Owner: postgres
--

ALTER TABLE ONLY public.shop_cartitem
    ADD CONSTRAINT shop_cartitem_customer_id_24d35b70_fk_shop_customer_id FOREIGN KEY (customer_id) REFERENCES public.shop_customer(id) DEFERRABLE INITIALLY DEFERRED;


--
-- TOC entry 4861 (class 2606 OID 20290)
-- Name: shop_cartitem shop_cartitem_product_id_09e4b7dd_fk_shop_product_id; Type: FK CONSTRAINT; Schema: public; Owner: postgres
--

ALTER TABLE ONLY public.shop_cartitem
    ADD CONSTRAINT shop_cartitem_product_id_09e4b7dd_fk_shop_product_id FOREIGN KEY (product_id) REFERENCES public.shop_product(id) DEFERRABLE INITIALLY DEFERRED;


--
-- TOC entry 4849 (class 2606 OID 20223)
-- Name: shop_customer shop_customer_user_id_7e6c4129_fk_auth_user_id; Type: FK CONSTRAINT; Schema: public; Owner: postgres
--

ALTER TABLE ONLY public.shop_customer
    ADD CONSTRAINT shop_customer_user_id_7e6c4129_fk_auth_user_id FOREIGN KEY (user_id) REFERENCES public.auth_user(id) DEFERRABLE INITIALLY DEFERRED;


--
-- TOC entry 4858 (class 2606 OID 20273)
-- Name: shop_customer_wishlist shop_customer_wishlist_customer_id_d22d4bbd_fk_shop_customer_id; Type: FK CONSTRAINT; Schema: public; Owner: postgres
--

ALTER TABLE ONLY public.shop_customer_wishlist
    ADD CONSTRAINT shop_customer_wishlist_customer_id_d22d4bbd_fk_shop_customer_id FOREIGN KEY (customer_id) REFERENCES public.shop_customer(id) DEFERRABLE INITIALLY DEFERRED;


--
-- TOC entry 4859 (class 2606 OID 20278)
-- Name: shop_customer_wishlist shop_customer_wishlist_product_id_69c0fec6_fk_shop_product_id; Type: FK CONSTRAINT; Schema: public; Owner: postgres
--

ALTER TABLE ONLY public.shop_customer_wishlist
    ADD CONSTRAINT shop_customer_wishlist_product_id_69c0fec6_fk_shop_product_id FOREIGN KEY (product_id) REFERENCES public.shop_product(id) DEFERRABLE INITIALLY DEFERRED;


--
-- TOC entry 4851 (class 2606 OID 20345)
-- Name: shop_order shop_order_customer_id_f638df20_fk_shop_customer_id; Type: FK CONSTRAINT; Schema: public; Owner: postgres
--

ALTER TABLE ONLY public.shop_order
    ADD CONSTRAINT shop_order_customer_id_f638df20_fk_shop_customer_id FOREIGN KEY (customer_id) REFERENCES public.shop_customer(id) DEFERRABLE INITIALLY DEFERRED;


--
-- TOC entry 4852 (class 2606 OID 20350)
-- Name: shop_order shop_order_discount_code_id_f4e60fd8_fk_shop_discountcode_id; Type: FK CONSTRAINT; Schema: public; Owner: postgres
--

ALTER TABLE ONLY public.shop_order
    ADD CONSTRAINT shop_order_discount_code_id_f4e60fd8_fk_shop_discountcode_id FOREIGN KEY (discount_code_id) REFERENCES public.shop_discountcode(id) DEFERRABLE INITIALLY DEFERRED;


--
-- TOC entry 4856 (class 2606 OID 20334)
-- Name: shop_orderitem shop_orderitem_order_id_2f1b00cf_fk_shop_order_id; Type: FK CONSTRAINT; Schema: public; Owner: postgres
--

ALTER TABLE ONLY public.shop_orderitem
    ADD CONSTRAINT shop_orderitem_order_id_2f1b00cf_fk_shop_order_id FOREIGN KEY (order_id) REFERENCES public.shop_order(id) DEFERRABLE INITIALLY DEFERRED;


--
-- TOC entry 4857 (class 2606 OID 20340)
-- Name: shop_orderitem shop_orderitem_product_id_48153f22_fk_shop_product_id; Type: FK CONSTRAINT; Schema: public; Owner: postgres
--

ALTER TABLE ONLY public.shop_orderitem
    ADD CONSTRAINT shop_orderitem_product_id_48153f22_fk_shop_product_id FOREIGN KEY (product_id) REFERENCES public.shop_product(id) DEFERRABLE INITIALLY DEFERRED;


--
-- TOC entry 4853 (class 2606 OID 20244)
-- Name: shop_payment shop_payment_order_id_20828773_fk_shop_order_id; Type: FK CONSTRAINT; Schema: public; Owner: postgres
--

ALTER TABLE ONLY public.shop_payment
    ADD CONSTRAINT shop_payment_order_id_20828773_fk_shop_order_id FOREIGN KEY (order_id) REFERENCES public.shop_order(id) DEFERRABLE INITIALLY DEFERRED;


--
-- TOC entry 4854 (class 2606 OID 20249)
-- Name: shop_product shop_product_brand_id_505fec11_fk_shop_brand_id; Type: FK CONSTRAINT; Schema: public; Owner: postgres
--

ALTER TABLE ONLY public.shop_product
    ADD CONSTRAINT shop_product_brand_id_505fec11_fk_shop_brand_id FOREIGN KEY (brand_id) REFERENCES public.shop_brand(id) DEFERRABLE INITIALLY DEFERRED;


--
-- TOC entry 4855 (class 2606 OID 20254)
-- Name: shop_product shop_product_category_id_14d7eea8_fk_shop_category_id; Type: FK CONSTRAINT; Schema: public; Owner: postgres
--

ALTER TABLE ONLY public.shop_product
    ADD CONSTRAINT shop_product_category_id_14d7eea8_fk_shop_category_id FOREIGN KEY (category_id) REFERENCES public.shop_category(id) DEFERRABLE INITIALLY DEFERRED;


-- Completed on 2025-10-24 12:13:35

--
-- PostgreSQL database dump complete
--

